seed,condition,step,panel_role,rmse_value,rmse_derivative,S,D_interior_quarter,D_interior_half,D_interior_three_quarters,principal_rank_value,principal_rank_sensitivity,principal_rank_S,d_same_sites_S,d_equal_label_budget_S
20262001,M1_16,300,secondary,0.04897001120030897,2.4122722707179127,0.0769239105438397,0.16062186571476844,0.05776423834471256,0.012385627572038094,,,,,
20262001,M2_16,300,secondary,0.04699123197396491,2.2391060632345394,0.0769239105438397,0.16062186571476844,0.05776423834471256,0.012385627572038094,,,,0.0,0.0
20262001,M1_32,300,secondary,0.04895842399279614,2.4114046220011485,0.0769239105438397,0.16062186571476844,0.05776423834471256,0.012385627572038094,,,,,
20262001,M1_16,3000,primary,0.008805153650147286,0.9187308924677653,0.004750775137791911,0.0012814316324863961,0.0005852662088512428,0.012385627572038094,11.0,11.0,10.0,,
20262001,M2_16,3000,secondary,0.0071840521217994315,0.5328447010229841,0.0049849050652769344,0.000453785402290352,0.0021153022215023576,0.012385627572038094,,,,0.00023412992748502327,0.0002836542023038442
20262001,M1_32,3000,secondary,0.008725772292405787,0.9107024609369244,0.00470125086297309,0.0013333364547467585,0.00038478856213441937,0.012385627572038094,,,,,
20262002,M1_16,300,secondary,0.04427418066466645,2.195140880978365,0.0769239105438397,0.16062186571476844,0.05776423834471256,0.012385627572038094,,,,,
20262002,M2_16,300,secondary,0.03293123090449422,1.6724230251671914,0.02499399706464478,0.004832125277183685,0.05776423834471256,0.012385627572038094,,,,-0.051929913479194914,-0.051929913479194914
20262002,M1_32,300,secondary,0.04423485673678814,2.1927069313054646,0.0769239105438397,0.16062186571476844,0.05776423834471256,0.012385627572038094,,,,,
20262002,M1_16,3000,primary,0.0062695704587131295,0.6929307611178087,0.004289743407374276,0.0003935422498149155,9.00604002698202e-05,0.012385627572038094,1.0,1.0,1.0,,
20262002,M2_16,3000,secondary,0.004780171863449341,0.3108514471527722,0.0006740429314668154,0.00010510016038112191,0.0010390132534940921,0.0008780153805252322,,,,-0.003615700475907461,-0.003641057098561699
20262002,M1_32,3000,secondary,0.006203866717207555,0.6856490424302022,0.004315100030028514,0.00042314189438608096,0.00013653062366136837,0.012385627572038094,,,,,
20262003,M1_16,300,secondary,0.052126476320832574,2.590398546156815,0.0769239105438397,0.16062186571476844,0.05776423834471256,0.012385627572038094,,,,,
20262003,M2_16,300,secondary,0.048604370767950655,2.3105801031641247,0.0769239105438397,0.16062186571476844,0.05776423834471256,0.012385627572038094,,,,0.0,0.0
20262003,M1_32,300,secondary,0.0521095375399194,2.589295625655145,0.0769239105438397,0.16062186571476844,0.05776423834471256,0.012385627572038094,,,,,
20262003,M1_16,3000,primary,0.012841260159980026,1.1267735433264268,0.02457716867151734,0.003581640097801375,0.05776423834471256,0.012385627572038094,14.0,14.0,15.0,,
20262003,M2_16,3000,secondary,0.004995195884606486,0.3471945007362279,0.0007845717220131462,3.3490466106345096e-05,0.0012552861836825357,0.0010649385162505576,,,,-0.023792596949504197,-0.02376494343947466
20262003,M1_32,3000,secondary,0.012533446008240901,1.1048964829744972,0.024549515161487807,0.0034986795677127702,0.05776423834471256,0.012385627572038094,,,,,
20262004,M1_16,300,secondary,0.0498716847676611,2.5518159729029204,0.0769239105438397,0.16062186571476844,0.05776423834471256,0.012385627572038094,,,,,
20262004,M2_16,300,secondary,0.04590359488040302,2.256510884464218,0.03859804757547395,0.0456442768096712,0.05776423834471256,0.012385627572038094,,,,-0.038325862968365744,-0.038325862968365744
20262004,M1_32,300,secondary,0.04985396032736695,2.5503892479539227,0.0769239105438397,0.16062186571476844,0.05776423834471256,0.012385627572038094,,,,,
20262004,M1_16,3000,primary,0.017973974864783884,1.4182476308900147,0.025616276232022412,0.006698962779316586,0.05776423834471256,0.012385627572038094,18.0,19.0,19.5,,
20262004,M2_16,3000,secondary,0.004268629953867441,0.2880984516322679,0.0006760719121471359,0.00012085601516464983,0.0008424212050262003,0.0010649385162505576,,,,-0.024940204319875276,-0.024940204319875276
20262004,M1_32,3000,secondary,0.017678124766475657,1.4015260707802508,0.025616276232022412,0.006698962779316586,0.05776423834471256,0.012385627572038094,,,,,
20262005,M1_16,300,secondary,0.048143514229515724,2.3684593827503466,0.0769239105438397,0.16062186571476844,0.05776423834471256,0.012385627572038094,,,,,
20262005,M2_16,300,secondary,0.044999407934567824,2.1619144350204627,0.0769239105438397,0.16062186571476844,0.05776423834471256,0.012385627572038094,,,,0.0,0.0
20262005,M1_32,300,secondary,0.048130934356212955,2.3675610336602517,0.0769239105438397,0.16062186571476844,0.05776423834471256,0.012385627572038094,,,,,
20262005,M1_16,3000,primary,0.00779996323583669,0.8379027009430802,0.004361491572186349,0.0005867394588479069,0.0001121076856730463,0.012385627572038094,4.0,5.0,4.0,,
20262005,M2_16,3000,secondary,0.007673204887754995,0.5714845772789268,0.0050534445428023584,0.0006594038348666231,0.0021153022215023576,0.012385627572038094,,,,0.0006919529706160095,0.0006748824524334864
20262005,M1_32,3000,secondary,0.00776768251785385,0.8331225189655432,0.004378562090368872,0.0005867394588479069,0.00016331924022061628,0.012385627572038094,,,,,
20262006,M1_16,300,secondary,0.05144239055390215,2.588629093212919,0.0769239105438397,0.16062186571476844,0.05776423834471256,0.012385627572038094,,,,,
20262006,M2_16,300,secondary,0.04728170414521452,2.2871829381278843,0.0769239105438397,0.16062186571476844,0.05776423834471256,0.012385627572038094,,,,0.0,0.0
20262006,M1_32,300,secondary,0.051424788863499174,2.587389962575052,0.0769239105438397,0.16062186571476844,0.05776423834471256,0.012385627572038094,,,,,
20262006,M1_16,3000,primary,0.017557771392790467,1.382979892425861,0.025294412584867237,0.005733371837851053,0.05776423834471256,0.012385627572038094,17.0,16.0,17.0,,
20262006,M2_16,3000,secondary,0.006335671640410495,0.4607432295163994,0.004787366264452753,0.0004854698334444407,0.0014910013878757233,0.012385627572038094,,,,-0.020507046320414484,-0.020507046320414484
20262006,M1_32,3000,secondary,0.017283706116557107,1.3680612321625012,0.025294412584867237,0.005733371837851053,0.05776423834471256,0.012385627572038094,,,,,
20262007,M1_16,300,secondary,0.0499659552034632,2.549329655701776,0.0769239105438397,0.16062186571476844,0.05776423834471256,0.012385627572038094,,,,,
20262007,M2_16,300,secondary,0.04676944885794158,2.3055325566337372,0.0769239105438397,0.16062186571476844,0.05776423834471256,0.012385627572038094,,,,0.0,0.0
20262007,M1_32,300,secondary,0.0499417408623572,2.5480969491232117,0.0769239105438397,0.16062186571476844,0.05776423834471256,0.012385627572038094,,,,,
20262007,M1_16,3000,primary,0.020222596997393635,1.4995361470579611,0.025616276232022412,0.006698962779316586,0.05776423834471256,0.012385627572038094,20.0,20.0,19.5,,
20262007,M2_16,3000,secondary,0.008412036485427482,0.5326626582182433,0.00495491013482204,0.001440089578933934,0.0010390132534940921,0.012385627572038094,,,,-0.020661366097200373,-0.020661366097200373
20262007,M1_32,3000,secondary,0.019951066412443867,1.486484110404734,0.025616276232022412,0.006698962779316586,0.05776423834471256,0.012385627572038094,,,,,
20262008,M1_16,300,secondary,0.046022983544195144,2.285449242598525,0.0769239105438397,0.16062186571476844,0.05776423834471256,0.012385627572038094,,,,,
20262008,M2_16,300,secondary,0.045982679261091355,2.2099301850972206,0.0769239105438397,0.16062186571476844,0.05776423834471256,0.012385627572038094,,,,0.0,0.0
20262008,M1_32,300,secondary,0.046018236354317954,2.2848537127251287,0.0769239105438397,0.16062186571476844,0.05776423834471256,0.012385627572038094,,,,,
20262008,M1_16,3000,primary,0.012326968047247444,1.1522778445168482,0.02414848250045361,0.0022955815846101846,0.05776423834471256,0.012385627572038094,13.0,15.0,13.5,,
20262008,M2_16,3000,secondary,0.0033160640691773818,0.2487397348478196,0.00029478945545050966,2.972693455838282e-07,0.000665752776388473,0.00021831832061747214,,,,-0.0238536930450031,-0.02383125866882766
20262008,M1_32,3000,secondary,0.011909195900082784,1.1275218414347183,0.02412604812427817,0.0022282784560838653,0.05776423834471256,0.012385627572038094,,,,,
20262009,M1_16,300,secondary,0.04852349769825641,2.451477944912545,0.0769239105438397,0.16062186571476844,0.05776423834471256,0.012385627572038094,,,,,
20262009,M2_16,300,secondary,0.042086628048447317,2.084117784020229,0.03459560432840125,0.033636947068453105,0.05776423834471256,0.012385627572038094,,,,-0.04232830621543844,-0.04232830621543844
20262009,M1_32,300,secondary,0.04850158874519102,2.4499319457225663,0.0769239105438397,0.16062186571476844,0.05776423834471256,0.012385627572038094,,,,,
20262009,M1_16,3000,primary,0.010574748206986142,0.972932013629351,0.02414848250045361,0.0022955815846101846,0.05776423834471256,0.012385627572038094,12.0,12.0,13.5,,
20262009,M2_16,3000,secondary,0.006896133497134786,0.5075615583365763,0.004969839599640369,0.0003110360922828903,0.0022128551346001224,0.012385627572038094,,,,-0.019178642900813243,-0.010563241657447117
20262009,M1_32,3000,secondary,0.010262590409351116,0.9533967483731648,0.015533081257087486,0.0022282784560838653,0.031985337743140496,0.012385627572038094,,,,,
20262010,M1_16,300,secondary,0.04956484376055642,2.46519210145443,0.0769239105438397,0.16062186571476844,0.05776423834471256,0.012385627572038094,,,,,
20262010,M2_16,300,secondary,0.045190425029220986,2.162828607585272,0.0769239105438397,0.16062186571476844,0.05776423834471256,0.012385627572038094,,,,0.0,0.0
20262010,M1_32,300,secondary,0.04953423835172593,2.4629348571331984,0.0769239105438397,0.16062186571476844,0.05776423834471256,0.012385627572038094,,,,,
20262010,M1_16,3000,primary,0.00786126367214676,0.8532456002461917,0.0043766803202773446,0.0005519497696704345,0.0001924636191235063,0.012385627572038094,6.0,6.0,6.0,,
20262010,M2_16,3000,secondary,0.0068477721139953256,0.4885650974715244,0.004544435405276788,0.0003935422498149155,0.0019264298438887995,0.01131333412212665,,,,0.00016775508499944358,0.00013393194922188024
20262010,M1_32,3000,secondary,0.007794117308460835,0.8440581529625083,0.004410503456054908,0.0005519497696704345,0.00029393302645619457,0.012385627572038094,,,,,
20262011,M1_16,300,secondary,0.04830019321373996,2.343641374187072,0.0769239105438397,0.16062186571476844,0.05776423834471256,0.012385627572038094,,,,,
20262011,M2_16,300,secondary,0.042936214560201226,2.068323164053655,0.032989560072441915,0.02881881430057509,0.05776423834471256,0.012385627572038094,,,,-0.04393435047139778,-0.04393435047139778
20262011,M1_32,300,secondary,0.04828462611331073,2.342762393511781,0.0769239105438397,0.16062186571476844,0.05776423834471256,0.012385627572038094,,,,,
20262011,M1_16,3000,primary,0.006737830390333351,0.739881959908783,0.004343958864483984,0.000453785402290352,0.0001924636191235063,0.012385627572038094,3.0,2.0,3.0,,
20262011,M2_16,3000,secondary,0.007354640503422715,0.5301648007812327,0.005006374018073689,0.0005181922606806166,0.0021153022215023576,0.012385627572038094,,,,0.0006624151535897056,0.0006406429313954671
20262011,M1_32,3000,secondary,0.006706706106687762,0.734223377999889,0.004365731086678222,0.000453785402290352,0.0002577802857062217,0.012385627572038094,,,,,
20262012,M1_16,300,secondary,0.04834027546474432,2.4041688939676753,0.0769239105438397,0.16062186571476844,0.05776423834471256,0.012385627572038094,,,,,
20262012,M2_16,300,secondary,0.04538160544195039,2.18578376004013,0.0769239105438397,0.16062186571476844,0.05776423834471256,0.012385627572038094,,,,0.0,0.0
20262012,M1_32,300,secondary,0.04832649437935568,2.403209435045734,0.0769239105438397,0.16062186571476844,0.05776423834471256,0.012385627572038094,,,,,
20262012,M1_16,3000,primary,0.008042468566756179,0.8936776922677476,0.004437930806166575,0.0008169924794131367,0.00011117236704849542,0.012385627572038094,8.0,10.0,9.0,,
20262012,M2_16,3000,secondary,0.0038259886646685726,0.28605804441627664,0.00042402126077852503,1.680296198847131e-06,0.0008424212050262003,0.0004279622811105277,,,,-0.00401390954538805,-0.003968046239092342
20262012,M1_32,3000,secondary,0.0077846441856428625,0.872873495652401,0.004392067499870866,0.0007760699367018731,1.4504990872632462e-05,0.012385627572038094,,,,,
20262013,M1_16,300,secondary,0.04815938756409882,2.3750838532255423,0.0769239105438397,0.16062186571476844,0.05776423834471256,0.012385627572038094,,,,,
20262013,M2_16,300,secondary,0.045005784675336974,2.166562578088531,0.0769239105438397,0.16062186571476844,0.05776423834471256,0.012385627572038094,,,,0.0,0.0
20262013,M1_32,300,secondary,0.04814684372587727,2.374178828788312,0.0769239105438397,0.16062186571476844,0.05776423834471256,0.012385627572038094,,,,,
20262013,M1_16,3000,primary,0.007820370221855534,0.8224312837703168,0.004759767298490332,0.0006972727817151636,0.0011964015417177398,0.012385627572038094,5.0,4.0,11.0,,
20262013,M2_16,3000,secondary,0.007787354165623291,0.5778926170516109,0.005140779716229542,0.0006225584393351191,0.0024141531373154113,0.012385627572038094,,,,0.00038101241773920956,0.0005458957094802708
20262013,M1_32,3000,secondary,0.007568215317972682,0.8092317677723952,0.004594884006749271,0.0006972727817151636,0.0007017516664945544,0.012385627572038094,,,,,
20262014,M1_16,300,secondary,0.053284758901904206,2.7019761566256593,0.0769239105438397,0.16062186571476844,0.05776423834471256,0.012385627572038094,,,,,
20262014,M2_16,300,secondary,0.05014273333718192,2.40503611850272,0.0769239105438397,0.16062186571476844,0.05776423834471256,0.012385627572038094,,,,0.0,0.0
20262014,M1_32,300,secondary,0.05326618491644892,2.700601468053564,0.0769239105438397,0.16062186571476844,0.05776423834471256,0.012385627572038094,,,,,
20262014,M1_16,3000,primary,0.016988215175893773,1.4107151030108995,0.02532905372727745,0.005837295265081699,0.05776423834471256,0.012385627572038094,16.0,18.0,18.0,,
20262014,M2_16,3000,secondary,0.004577553731646582,0.33606112575311997,0.001133035254845427,7.685086818187692e-05,0.0011810232552850186,0.0021412316410693855,,,,-0.024196018472432024,-0.02416137733002181
20262014,M1_32,3000,secondary,0.01671344269604807,1.3925718038117352,0.025294412584867237,0.005733371837851053,0.05776423834471256,0.012385627572038094,,,,,
20262015,M1_16,300,secondary,0.04764027803105704,2.354104202287121,0.0769239105438397,0.16062186571476844,0.05776423834471256,0.012385627572038094,,,,,
20262015,M2_16,300,secondary,0.04646415197428469,2.2288521702804323,0.0769239105438397,0.16062186571476844,0.05776423834471256,0.012385627572038094,,,,0.0,0.0
20262015,M1_32,300,secondary,0.04762866010195119,2.3531786853521086,0.0769239105438397,0.16062186571476844,0.05776423834471256,0.012385627572038094,,,,,
20262015,M1_16,3000,primary,0.008366266642272184,0.8895950693659055,0.004389976274617384,0.0007760699367018731,8.231315112183779e-06,0.012385627572038094,10.0,9.0,8.0,,
20262015,M2_16,3000,secondary,0.006800382782420486,0.49777553264315566,0.0049018665552472696,0.0003935422498149155,0.0019264298438887995,0.012385627572038094,,,,0.0005118902806298857,0.0005018763608090433
20262015,M1_32,3000,secondary,0.008287939110480475,0.8810502708821318,0.004399990194438226,0.0007760699367018731,3.827307457471285e-05,0.012385627572038094,,,,,
20262016,M1_16,300,secondary,0.04700696332551568,2.3536551561707735,0.0769239105438397,0.16062186571476844,0.05776423834471256,0.012385627572038094,,,,,
20262016,M2_16,300,secondary,0.04381039142624442,2.1275094101157856,0.0769239105438397,0.16062186571476844,0.05776423834471256,0.012385627572038094,,,,0.0,0.0
20262016,M1_32,300,secondary,0.04698731760756393,2.3520482489748398,0.0769239105438397,0.16062186571476844,0.05776423834471256,0.012385627572038094,,,,,
20262016,M1_16,3000,primary,0.007946078324455513,0.8572755297074016,0.004373431232348753,0.0006225584393351191,0.0001121076856730463,0.012385627572038094,7.0,7.0,5.0,,
20262016,M2_16,3000,secondary,0.006788373007987515,0.48742555254206765,0.00417463337348789,0.0003935422498149155,0.0018351270288514687,0.010295230841797287,,,,-0.00019879785886086233,-0.00022558317001101624
20262016,M1_32,3000,secondary,0.007882664127196227,0.8488162547210344,0.004400216543498907,0.0006225584393351191,0.0001924636191235063,0.012385627572038094,,,,,
20262017,M1_16,300,secondary,0.0463831756804071,2.2801216542198204,0.0769239105438397,0.16062186571476844,0.05776423834471256,0.012385627572038094,,,,,
20262017,M2_16,300,secondary,0.045309544543710716,2.1756302323745706,0.0769239105438397,0.16062186571476844,0.05776423834471256,0.012385627572038094,,,,0.0,0.0
20262017,M1_32,300,secondary,0.04637715481335546,2.2795663775064816,0.0769239105438397,0.16062186571476844,0.05776423834471256,0.012385627572038094,,,,,
20262017,M1_16,3000,primary,0.013903812410887327,1.0575424908458901,0.020278660062154175,0.00036498942165241743,0.04808536319277201,0.012385627572038094,15.0,13.0,12.0,,
20262017,M2_16,3000,secondary,0.008381604823634224,0.6376149582235789,0.0052485343141216445,0.0009458222330114285,0.0024141531373154113,0.012385627572038094,,,,-0.01503012574803253,-0.01054178129588379
20262017,M1_32,3000,secondary,0.013201200150342152,1.0342182508613902,0.015790315610005434,0.00042314189438608096,0.03456217736359213,0.012385627572038094,,,,,
20262018,M1_16,300,secondary,0.04897747272673058,2.4012172485983054,0.0769239105438397,0.16062186571476844,0.05776423834471256,0.012385627572038094,,,,,
20262018,M2_16,300,secondary,0.04605730006704715,2.2005249448552973,0.0769239105438397,0.16062186571476844,0.05776423834471256,0.012385627572038094,,,,0.0,0.0
20262018,M1_32,300,secondary,0.04896121159423125,2.400141393295182,0.0769239105438397,0.16062186571476844,0.05776423834471256,0.012385627572038094,,,,,
20262018,M1_16,3000,primary,0.008110108015690029,0.8685514182677629,0.004378363935724845,0.0006594038348666231,9.00604002698202e-05,0.012385627572038094,9.0,8.0,7.0,,
20262018,M2_16,3000,secondary,0.0072164861858900866,0.5104226117300269,0.004974548063419719,0.0005181922606806166,0.002019824357540445,0.012385627572038094,,,,0.0005961841276948734,0.0005840463128884421
20262018,M1_32,3000,secondary,0.008038514884211053,0.859954706613094,0.004390501750531277,0.0006225584393351191,0.00016331924022061628,0.012385627572038094,,,,,
20262019,M1_16,300,secondary,0.050947662613972246,2.5574320179738557,0.0769239105438397,0.16062186571476844,0.05776423834471256,0.012385627572038094,,,,,
20262019,M2_16,300,secondary,0.04789065428237525,2.2983962129106925,0.0769239105438397,0.16062186571476844,0.05776423834471256,0.012385627572038094,,,,0.0,0.0
20262019,M1_32,300,secondary,0.05093225450658018,2.556314612991324,0.0769239105438397,0.16062186571476844,0.05776423834471256,0.012385627572038094,,,,,
20262019,M1_16,3000,primary,0.01829573817985273,1.3938796888126739,0.025260054162510353,0.005630296570780402,0.05776423834471256,0.012385627572038094,19.0,17.0,16.0,,
20262019,M2_16,3000,secondary,0.005989494544704546,0.4420895853478687,0.004774823321874326,0.00036498942165241743,0.0015738529719324656,0.012385627572038094,,,,-0.020485230840636026,-0.020485230840636026
20262019,M1_32,3000,secondary,0.01798354298067594,1.3784340748322843,0.025260054162510353,0.005630296570780402,0.05776423834471256,0.012385627572038094,,,,,
20262020,M1_16,300,secondary,0.05177309069485565,2.583223576595071,0.0769239105438397,0.16062186571476844,0.05776423834471256,0.012385627572038094,,,,,
20262020,M2_16,300,secondary,0.04740592126061118,2.2645797918126394,0.0769239105438397,0.16062186571476844,0.05776423834471256,0.012385627572038094,,,,0.0,0.0
20262020,M1_32,300,secondary,0.05175307097315871,2.5820331719113443,0.0769239105438397,0.16062186571476844,0.05776423834471256,0.012385627572038094,,,,,
20262020,M1_16,3000,primary,0.006337394017164026,0.7986189575817794,0.004305864134128219,0.0002380318038903706,0.00029393302645619457,0.012385627572038094,2.0,3.0,2.0,,
20262020,M2_16,3000,secondary,0.00331984939405498,0.25730867680692354,0.00026958309065864644,2.932072877159797e-06,0.000665752776388473,0.0001400644227103065,,,,-0.004036281043469573,-0.004055293268151794
20262020,M1_32,3000,secondary,0.006066200230876507,0.7753282432967861,0.004324876358810441,0.0002158226261710361,0.0003731788782221912,0.012385627572038094,,,,,
