p,T,T_prime,M1_16,M1_16_prime,M2_16,M2_16_prime,M1_32,M1_32_prime
0.020350194552529184,0.6680004810098952,-9.2447058289894,0.631430487944614,-5.61143836359876,0.6599644474277525,-7.021021154145433,0.6323827401835446,-5.641770077375836
0.021050583657587548,0.6615733009941536,-9.108953436906436,0.627502419266309,-5.605338766491515,0.6550555830356656,-6.996456766267925,0.6284335341523657,-5.635365688176626
0.021750972762645916,0.655240180359243,-8.976101611123724,0.6235787094965047,-5.598990923203637,0.650164043083558,-6.971550391106023,0.6244889010233561,-5.628711572794878
0.02245136186770428,0.6489991134641839,-8.84607677091623,0.6196595332078966,-5.592392824276596,0.6452900667966156,-6.946302895964969,0.6205490163917456,-5.621805762051797
0.023151750972762647,0.6428481455105747,-8.7188073041748,0.6157450663800881,-5.58554246174058,0.6404338927639911,-6.920715229941297,0.6166140572310801,-5.61464628934908
0.023852140077821014,0.6367853711825898,-8.594223513981127,0.6118354863983818,-5.5784378295986885,0.6355957588811489,-6.894788424981734,0.6126842018912418,-5.607231191163334
0.02455252918287938,0.6308089333238851,-8.472257566637902,0.6079309720522197,-5.571076924334524,0.6307759022914703,-6.868523596927297,0.6087596300961163,-5.599558507563431
0.025252918287937742,0.6249170216504023,-8.352843441114446,0.6040317035332622,-5.563457745444213,0.6259745593271331,-6.841921946541395,0.6048405229408887,-5.591626282751896
0.02595330739299611,0.6191078714980994,-8.235916879869285,0.6001378624330834,-5.555578295993951,0.6211919654492796,-6.8149847605210825,0.6009270628889507,-5.583432565631297
0.026653696498054477,0.6133797626046502,-8.121415341012067,0.5962496317404687,-5.54743658320417,0.6164283551874788,-6.787713412490247,0.5970194337684038,-5.574975410396756
0.02735408560311284,0.6077310179241937,-8.009277951768354,0.5923671958382914,-5.539030619061483,0.6116839620785026,-6.760109363973745,0.5931178207681361,-5.56625287715568
0.02805447470817121,0.602160002474228,-7.899445463211759,0.5884907404999533,-5.530358420959573,0.6069590186044257,-6.732174165351343,0.5892224104334575,-5.557263032575845
0.028754863813229573,0.5966651222137775,-7.791860206228856,0.5846204528853629,-5.5214180123702485,0.6022537561300639,-6.7039094567903845,0.5853333906612669,-5.548003950563001
0.02945525291828794,0.591244822951978,-7.686466048683293,0.5807565215364352,-5.5122074235459095,0.5975684048397684,-6.675316969156032,0.5814509506947396,-5.5384737129692425
0.030155642023346307,0.5858975892862552,-7.5832083537463815,0.576899136372087,-5.502724692254703,0.5929031936735899,-6.646398524897968,0.5775752811175023,-5.5286704103333095
0.03085603112840467,0.5806219435692875,-7.482033939362378,0.5730484886827049,-5.492967864549666,0.5882583502628305,-6.6171560389123885,0.5737065738472811,-5.51859214265416
0.031556420233463035,0.5754164449039708,-7.382891038817525,0.5692047711240645,-5.482934995573218,0.583634100865001,-6.587591519378105,0.5698450221289938,-5.508237020199055
0.0322568093385214,0.5702796881656229,-7.2857292623827625,0.5653681777106704,-5.472624150398376,0.5790306702982014,-6.557707068565641,0.5659908205272658,-5.497603164347517
0.03295719844357977,0.5652103030506851,-7.190499560000832,0.5615389038084964,-5.462033404908085,0.5744482818749455,-6.527504883618051,0.5621441649183404,-5.486688708472509
0.03365758754863814,0.5602069531512003,-7.097154184989316,0.5577171461270933,-5.451160846714113,0.5698871573354476,-6.496987257302329,0.5583052524813586,-5.475491798860229
0.0343579766536965,0.5552683350543652,-7.0056466587319015,0.5539031027110429,-5.44000457611698,0.5653475167803953,-6.46615657873016,0.5544742816889814,-5.46401059566991
0.035058365758754866,0.5503931774664746,-6.915931736330947,0.55009697293072,-5.428562707108415,0.5608295786032267,-6.435015334046832,0.5506514522973249,-5.452243273935111
0.03575875486381323,0.5455802403605923,-6.827965373195134,0.5462989574723408,-5.416833368417865,0.5563335594219376,-6.403566107087055,0.5468369653351796,-5.440188024607936
0.036459143968871593,0.5408283141473045,-6.741704692536717,0.5425092583272603,-5.4048147046046076,0.551859674010442,-6.371811579996484,0.5430310230924822,-5.427843055647682
0.03715953307392996,0.5361362188679266,-6.657107953753581,0.5387280787804898,-5.392504877197044,0.5474081352295075,-6.339754533817695,0.5392338291080099,-5.415206593155441
0.03785992217898833,0.5315028034095514,-6.574134521671983,0.534955623398398,-5.379902065880784,0.5429791539572961,-6.307397849039383,0.5354455881562625,-5.4022768825561975
0.038560311284046696,0.5269269447413449,-6.492744836626514,0.5311920980155633,-5.367004469737122,0.5385729390195304,-6.2747445061075755,0.5316665062335003,-5.389052189829972
0.03926070038910506,0.5224075471715126,-6.412900385354477,0.5274377097207413,-5.35381030853357,0.5341896971193181,-6.241797585897572,0.5278967905429012,-5.375530802793597
0.039961089494163424,0.5179435416243695,-6.33456367268244,0.5236926668419076,-5.3403178240681,0.5298296327666585,-6.2085602701453935,0.5241366494788028,-5.361711032434728
0.04066147859922179,0.5135338849369728,-6.257698193983432,0.5199571789303417,-5.326525281568774,0.5254929482076615,-6.17503584183754,0.520386292609991,-5.347591214299685
0.04136186770428016,0.509177559174779,-6.182268408383725,0.5162314567437098,-5.312430971150444,0.5211798433535092,-6.141227685557767,0.5166459306619966,-5.333169709936755
0.042062256809338526,0.5048735709658112,-6.108239712698782,0.5125157122281078,-5.298033209330228,0.5168905157091899,-6.107139287789694,0.5129157754983625,-5.318444908396592
0.04276264591439689,0.5006209508528324,-6.0355784160785255,0.5088101584990201,-5.283330340603484,0.5126251603020356,-6.072774237174024,0.5091960401008389,-5.303415227791339
0.043463035019455254,0.49641875266303254,-5.96425171534254,0.5051150098211548,-5.268320739081964,0.5083839696100958,-6.038136224719141,0.5054869385484644,-5.288079116914129
0.04416342412451362,0.4922660528947562,-5.894227670986458,0.5014304815871078,-5.25300281019588,0.5041671334903798,-6.0032290439639,0.501788685995493,-5.272435056920583
0.04486381322957199,0.4881619501208043,-5.825475183841197,0.49775679029481307,-5.237374992461598,0.499974839107004,-5.96805659109143,0.49810149864812037,-5.25648156307396
0.045564202334630356,0.4841055644078605,-5.757963972367264,0.49409415352373065,-5.221435759316643,0.49580727085927523,-5.932622864992745,0.49442559373996475,-5.240217186555586
0.046264591439688724,0.48009603675160323,-5.691664550566838,0.49044278990972545,-5.205183621023724,0.49166461030974684,-5.89693196727904,0.49076118950625713,-5.223640516342159
0.046964980544747084,0.47613252852707566,-5.626548206496751,0.4868029191185877,-5.188617126645441,0.48754703611228745,-5.860988102241487,0.48710850515669224,-5.206750181151553
0.04766536964980545,0.4722142209539002,-5.562586981366038,0.48317476181814606,-5.171734866091339,0.4834547239401932,-5.824795576757457,0.4834677608468924,-5.189544851458687
0.04836575875486382,0.4683403145759324,-5.499753649202089,0.47955853964891965,-5.1545354722389325,0.4793878464143873,-5.788358800142004,0.47983917764843476,-5.172023241583008
0.04906614785992218,0.4645100287549617,-5.438021697069914,0.4759544751932598,-5.137017623130301,0.4753465730317412,-5.751682283943597,0.4762229775173906,-5.154184111849121
0.049766536964980554,0.4607226011780777,-5.377365305829465,0.4723627919429244,-5.11918004424581,0.4713310700935598,-5.7147706416829855,0.4726193832613257,-5.136026270822021
0.050466926070038914,0.4569772873783289,-5.317759331416326,0.46878371426503496,-5.101021510856481,0.4673415006342703,-5.677628588534207,0.4690286185047079,-5.1175485776184155
0.05116731517509728,0.4532733602683136,-5.259179286631516,0.46521746736635533,-5.082540850456463,0.4633780243503525,-5.6402609409467175,0.46545090765266944,-5.098749944295473
0.05186770428015565,0.4496101096863506,-5.201601323426538,0.46166427725584064,-5.063736945277042,0.4594407975295581,-5.602672616207702,0.4618864758530688,-5.079629338318354
0.05256809338521401,0.44598684195488847,-5.145002215670179,0.4581243707053948,-5.0446087348835,0.4555299729804549,-5.5648686319435745,0.45833554895679607,-5.060185785107817
0.05326848249027237,0.442402879450818,-5.089359342383904,0.4545979752087805,-5.025155218856116,0.45164569996234344,-5.526854105559833,0.4547983534762652,-5.040418370669053
0.053968871595330745,0.438857560187369,-5.034650671433119,0.4510853189386219,-5.005375459556505,0.44778812411558677,-5.488634253618362,0.45127511654203706,-5.020326244302904
0.05466926070038912,0.4353502374072705,-4.980854743661843,0.44758663070143945,-4.985268584980388,0.4439573873923992,-5.450214391151356,0.4477660658575143,-4.999908621400495
0.05536964980544748,0.4318802791868732,-4.927950657458719,0.4441021398906555,-4.964833791697809,0.4401536279881382,-5.41159993091112,0.4442714296516489,-4.979164786322206
0.05607003891050584,0.4284470680509335,-4.875918053742618,0.4406320764375104,-4.944070347881694,0.43637698027314265,-5.372796382554947,0.44079143662960346,-4.958094095361823
0.0567704280155642,0.42505000059776904,-4.824737101356388,0.4371766707598261,-4.922977596425557,0.4326275747251672,-5.333809351764428,0.43732631592130744,-4.936695979796614
0.057470817120622575,0.421688487134506,-4.774388482857631,0.4337361537085545,-4.90155495815098,0.42890553786245567,-5.294644539298527,0.43387629702784597,-4.914969949023894
0.058171206225680935,0.41836195132214193,-4.7248533806957065,0.43031075651204825,-4.879801935105439,0.4252109921775006,-5.255307739979815,0.43044160976562135,-4.892915593784594
0.05887159533073931,0.4150698298301572,-4.676113463764394,0.42690071071798935,-4.857718113950805,0.42154405607153667,-5.215804841613334,0.4270224842082268,-4.870532589474102
0.05957198443579767,0.4118115720004174,-4.628150874320035,0.4235062481329129,-4.835303169442789,0.41790484378981574,-5.176141823837583,0.4236191506259706,-4.8478206995406214
0.06027237354085603,0.40858663952011226,-4.580948215255152,0.4201276007592627,-4.81255686800134,0.4142934653577097,-5.136324756907196,0.42023183942298864,-4.824779778970997
0.060972762645914405,0.4053945061034868,-4.534488537717881,0.4167650007299126,-4.789479071371917,0.4107100265176895,-5.096359800406938,0.41686078107188584,-4.801409777863871
0.061673151750972766,0.4022346571821249,-4.488755329067784,0.4134186802400947,-4.766069740377277,0.40715462866723184,-5.056253201896689,0.41350620604584476,-4.777710745089841
0.062373540856031126,0.39910658960355394,-4.443732501158881,0.4100888714766647,-4.742328938759267,0.40362736879769456,-5.016011295487172,0.41016834474813885,-4.75368283203802
0.0630739299610895,0.3960098113379431,-4.399404378941001,0.40677580654464823,-4.718256837109905,0.4001283394342183,-4.975640500346213,0.406847427438993,-4.72932629644829
0.06377431906614786,0.39294384119267745,-4.355755689370742,0.4034797173910014,-4.693853716890734,0.3966576285766957,-4.93514731913543,0.40354368415973,-4.704641506328248
0.06447470817120624,0.389908208534591,-4.31277155062365,0.40020083572552595,-4.66911997453927,0.39321531964186185,-4.894538336377252,0.40025734465414387,-4.679628943953627
0.0651750972762646,0.3869024530196544,-4.270437461599377,0.39693939293887825,-4.644056125661075,0.3898014914065517,-4.853820216752335,0.39698863828704284,-4.654289209950742
0.06587548638132296,0.38392612432991063,-4.228739291711847,0.39369562001761255,-4.618662809305692,0.3864162179521742,-4.812999703327379,0.3937377939599048,-4.628623027459229
0.06657587548638133,0.380978781917466,-4.187663270956673,0.39046974745620106,-4.592940792324434,0.38305956861045337,-4.7720836157135755,0.3905050400235895,-4.602631246373084
0.06727626459143969,0.3780599947553416,-4.147195980248272,0.38726200516597364,-4.566890973807717,0.37973160791048194,-4.731078848155841,0.3872906041880541,-4.576314847657724
0.06797665369649807,0.37516934109500116,-4.107324342019307,0.3840726223809224,-4.54051438959927,0.3764323955271375,-4.689992367553198,0.38409471342901813,-4.549674947740477
0.06867704280155643,0.37230640823037214,-4.068035611075343,0.38090182756031854,-4.51381221688431,0.37316198623091085,-4.648831211410626,0.3809175938915303,-4.522712802971614
0.06937743190661479,0.3694707922681859,-4.029317365697748,0.3777498482880911,-4.486785778848341,0.36992042983919016,-4.607602485722891,0.37775947079038513,-4.495429814152706
0.07007782101167316,0.36666209790446347,-3.9911574989880734,0.3746169111689185,-4.459436549402954,0.3667077711690531,-4.5663133627908365,0.3746205683073463,-4.467827531128709
0.07077821011673152,0.3638799382069817,-3.953544210447352,0.3715032417209885,-4.43176615797461,0.36352404999161064,-4.524971078970812,0.3715011094851335,-4.439907657439923
0.0714785992217899,0.36112393440355584,-3.916465997783892,0.36840906426538267,-4.403776394351992,0.3603693009879511,-4.4835829323578755,0.3684013161181293,-4.411672055029485
0.07217898832684826,0.358393715675983,-3.8799116489433723,0.36533460181204763,-4.375469213587129,0.3572435537067292,-4.442156280403588,0.365321408639773,-4.38312274900176
0.07287937743190662,0.35568891895949,-3.8438702343551503,0.36228007594231526,-4.346846740945141,0.3541468325234466,-4.400698537469262,0.36226160600660345,-4.354261932426598
0.07357976653696499,0.35300918874753934,-3.8083310993889286,0.3592457066879411,-4.317911276896912,0.35107915660146805,-4.3592171723155895,0.3592221255789241,-4.325091971183963
0.07428015564202335,0.35035417690184517,-3.773283857016025,0.3562317124066332,-4.288665302148699,0.348040539854819,-4.317719705529715,0.35620318299806203,-4.2956154088431004
0.07498054474708171,0.34772354246746007,-3.738718380669686,0.3532383096540466,-4.259111482702151,0.3450309909128047,-4.276213706890827,0.35320499206019834,-4.265834971569945
0.07568093385214009,0.345116951492794,-3.704624797299018,0.35026571305222554,-4.229252674937805,0.3420505130864976,-4.234706792675524,0.3502277645867553,-4.235753573056016
0.07638132295719845,0.34253407685443166,-3.670993480611269,0.34731413515447884,-4.199091930714631,0.3390991043371317,-4.193206622904192,0.34727171029132475,-4.205374319461659
0.07708171206225682,0.33997459808661906,-3.63781504449733,0.34438378630668054,-4.168632502477747,0.3361767572464463,-4.151720898529795,0.34433703664313126,-4.174700514365969
0.07778210116731518,0.3374382012152913,-3.605080336635455,0.34147487450499286,-4.137877848365931,0.33328345898901757,-4.110257358570552,0.34142394872702964,-4.143735663715356
0.07848249027237354,0.33492457859652,-3.5727804322683716,0.33858760525001386,-4.106831637310045,0.33041919130661884,-4.068823777188,0.3385326491000383,-4.112483480762114
0.07918287937743192,0.33243342875925913,-3.540906628149033,0.3357221813973613,-4.075497754113067,0.3275839304846449,-4.02742796071212,0.33566333764442013,-4.080947890984045
0.07988326848249028,0.3299644562522742,-3.5094504366504444,0.3328788030047067,-4.043880304501805,0.3247776473306385,-3.986077744615212,0.33281621141732826,-4.04913303697555
0.08058365758754865,0.32751737149514015,-3.4784035800350743,0.3300576671752843,-4.011983620139969,0.32200030715495354,-3.9447809904363256,0.3299914644970364,-4.017043283300214
0.08128404669260701,0.32509189063319843,-3.447757984879523,0.3272589678979067,-3.9798122635917026,0.3192518697535896,-3.9035455826581353,0.32718928782579043,-3.984683221294417
0.08198443579766537,0.3226877353963658,-3.417505776650211,0.3244828958835234,-3.9473710332242185,0.31653228939322875,-3.8623794255382085,0.32440986904931296,-3.9520576738109563
0.08268482490272375,0.3203046329616908,-3.3876392744259842,0.32172963839837054,-3.914664968037612,0.3138415147985085,-3.8212904398967114,0.32165339235301144,-3.919171699891247
0.08338521400778212,0.31794231581955595,-3.3581509857636243,0.3189993790937685,-3.881699352409475,0.3111794891415585,-3.7802865598627102,0.31892003829494237,-3.8860305993541613
0.08408560311284048,0.31560052164342717,-3.3290336017023887,0.31629229783262786,-3.8484797207414227,0.30854615003383007,-3.739375729581202,0.3162099836355933,-3.8526399172890695
0.08478599221789884,0.3132789931630546,-3.3002799919037806,0.3136085705127406,-3.8150118619941145,0.30594142952024495,-3.698565899883228,0.31352340116455646,-3.8190054484402003
0.0854863813229572,0.3109774780410308,-3.2718831999228817,0.3109483688869377,-3.7813018240969356,0.30336525407568904,-3.6578650249213656,0.310860459524173,-3.7851332414689702
0.08618677042801558,0.3086957287526165,-3.243836438607657,0.3083118603802066,-3.747355918217944,0.3008175446038734,-3.617281058773059,0.3082213230302386,-3.751029603080461
0.08688715953307394,0.3064335024687441,-3.2161330856227535,0.3056992079038707,-3.7131807228793234,0.29829821643858556,-3.5768219520142575,0.3056061514898705,-3.7167011019998166
0.0875875486381323,0.304190560942114,-3.188766679094397,0.3031105696669454,-3.678783087903069,0.2958071793473495,-3.5364956482659573,0.3030151000166477,-3.6821545727838725
0.08828793774319067,0.30196667039629965,-3.161730913373106,0.3005460989847948,-3.6441701381712295,0.29334433753751354,-3.4963100807162366,0.30044831884314116,-3.647397119452965
0.08898832684824903,0.2997616014177804,-3.1350196349110018,0.298005944085224,-3.6093492771846525,0.29090958966478153,-3.4562731686205193,0.2979059531309704,-3.6124361189274357
0.08968871595330741,0.29757512885082216,-3.1086268382505966,0.2954902479121543,-3.5743281904037683,0.28850282884420286,-3.4163928137827884,0.29538814277852393,-3.5772792242530316
0.09038910505836578,0.29540703169512916,-3.082546662122039,0.2929991479270398,-3.5391148483546173,0.28612394266363206,-3.376676897020582,0.2928950222265015,-3.5419343675990547
0.09108949416342414,0.2932570930061929,-3.056773385645858,0.29053277590819615,-3.5037175094829998,0.28377281319966946,-3.337133274616615,0.2904267202614387,-3.50640976301276
0.0917898832684825,0.2911250997982636,-3.031301424638322,0.2880912577482231,-3.468144722739349,0.2814493170360907,-3.2977697747599715,0.28798335981739426,-3.4707139089133223
0.09249027237354086,0.2890108429498748,-3.0061253280166462,0.28567471324971616,-3.432405329876677,0.279153325284772,-3.258594193979806,0.28556505777598584,-3.434855590308355
0.09319066147859924,0.28691411711185116,-2.9812397743013115,0.28328325591947456,-3.3965084674437342,0.2768847036091147,-3.219614293574583,0.2831719247649762,-3.3988438807158547
0.0938910505836576,0.2848347206177334,-2.9566395682128643,0.2809169927614254,-3.360463568455353,0.2746433122499712,-3.180837796039886,0.2808040649556206,-3.3626881437741907
0.09459143968871596,0.28277245539655355,-2.9323196373606177,0.27857602406849563,-3.3242803637218525,0.27242900605407266,-3.14227238149791,0.27846157585900205,-3.326398034522736
0.09529182879377433,0.2807271268878987,-2.908275029020757,0.2762604432136786,-3.2879688828192832,0.27024163450495625,-3.103925684131717,0.2761445481215889,-3.289983500335607
0.0959922178988327,0.27869854395920046,-2.8845009070014322,0.27397033644055135,-3.2515394546823044,0.2680810417563869,-3.0658052886274434,0.2738530653202662,-3.2534547814909973
0.09669260700389105,0.2766865188251901,-2.8609925485924386,0.2717057826535144,-3.2150027078014998,0.26594706666826656,-3.027918726627622,0.2715872037571001,-3.216822411358594
0.09739299610894943,0.2746908669694616,-2.8377453415972202,0.2694668532080368,-3.1783695700070766,0.26383954284502353,-2.9902734731987834,0.2693470322541099,-3.1800972161877032
0.0980933852140078,0.27271140706808505,-2.814754781444938,0.267253611701204,-3.1416512678210347,0.2617582986764706,-2.952876943316594,0.2671326119483342,-3.143290314478827
0.09879377431906616,0.2707479609152153,-2.792016468380421,0.26506611376287376,-3.1048593253601258,0.25970315738111566,-2.9157364883717265,0.26494399608748725,-3.1064131159216815
0.09949416342412452,0.2688003533506417,-2.7695261047299007,0.2629044068477646,-3.0680055627722203,0.2576739370519134,-2.878859392699696,0.26278122982651564,-3.0694773198828678
0.1001945525291829,0.2668684121892278,-2.7472794922404487,0.26076853002880646,-3.031102094189113,0.2556704507044374,-2.842252870137888,0.26064435002537745,-3.032494913426881
0.10089494163424126,0.2649519681521889,-2.7252725294911295,0.25865851379210075,-2.9941613251791694,0.2536925063274525,-2.8059240606130484,0.2585333850483755,-2.9954781688543948
0.10159533073929962,0.26305085480015766,-2.7035012093739015,0.2565743798338428,-2.9571959496838205,0.2517399069358677,-2.7698800267623906,0.2564483545653873,-2.9584396407424047
0.102295719844358,0.26116490846799123,-2.681961616642394,0.2545161408595762,-2.9202189464224606,0.2498124506260396,-2.734127750591599,0.25438926935534834,-2.921392162471285
0.10299610894941635,0.2592939682012709,-2.660649925526682,0.25248380038615603,-2.883243574751018,0.24790993063340655,-2.6986741301728987,0.2523561311123505,-2.8843488422245125
0.10369649805447471,0.2574378756944507,-2.6395623974123024,0.25047735254680675,-2.846283369960207,0.24603213539241706,-2.6635259763863544,0.2503489322547314,-2.847323058447501
0.10439688715953309,0.25559647523060913,-2.6186953785817275,0.24849678189967436,-2.809352138000377,0.24417884859872677,-2.628690009707581,0.24836765573753766,-2.810328454752816
0.10509727626459145,0.2537696136227611,-2.5980452980166318,0.24654206324027717,-2.772463949620733,0.2423498492736269,-2.5941728570449465,0.24641227486875308,-2.773378934259924
0.10579766536964982,0.25195714015668885,-2.577608665259275,0.2446131614182696,-2.7356331339117954,0.24054491183067042,-2.559981048629393,0.24448275312969317,-2.7364886533585775
0.10649805447470818,0.2501589065352505,-2.5573820683314104,0.24271003115894169,-2.6988742712410536,0.2387638061444564,-2.526121014959889,0.24257904399997243,-2.6996720148860147
0.10719844357976656,0.24837476682412582,-2.537362171709144,0.24083261688987978,-2.662202185572927,0.2370062976215345,-2.4925990838075083,0.24070109078745755,-2.662943660709267
0.10789883268482492,0.24660457739896222,-2.5175457143522335,0.23898085257322568,-2.6256319361655205,0.23527214727338505,-2.4594214772811203,0.238848826463627,-2.626318463705085
0.10859922178988328,0.2448481968938812,-2.4979295077863393,0.2371546615439707,-2.5891788086379135,0.23356111179143302,-2.42659430895754,0.23702217350476018,-2.589811519131299
0.10929961089494165,0.24310548615131117,-2.478510434236799,0.23535395635472806,-2.5528583054032787,0.23187294362404823,-2.3941235810789974,0.235221043739385,-2.553438135384782
0.11000000000000001,0.24137630817310865,-2.459285444812515,0.2335786386274287,-2.516686135464598,0.23020739105548324,-2.3620151818206865,0.23344533820241375,-2.5172138241426714
0.11070038910505837,0.23966052807293475,-2.440251557738603,0.23182859891238836,-2.4806782035713733,0.22856419828670113,-2.3302748826310977,0.23169494699640109,-2.4811542898850094
0.11140077821011675,0.23795801302985273,-2.4214058566364636,0.23010371655519207,-2.444850598737418,0.22694310551803873,-2.2989083356477567,0.22996974916035634,-2.445275418798551
0.11210116731517511,0.23626863224311415,-2.402745488850015,0.22840385957184509,-2.409219582121608,0.22534384903365334,-2.267921071190922,0.2282696125465448,-2.4095932670632365
0.11280155642023347,0.23459225688810106,-2.3842676638167983,0.22672888453263268,-2.3738015742752254,0.22376616128769578,-2.2373184953376986,0.22659439370570678,-2.374124048524455
0.11350194552529183,0.23292876007339403,-2.3659696514827653,0.22507863645513349,-2.3386131417615372,0.22220977099215541,-2.2071058875789653,0.22494393778112645,-2.3388841217561227
0.11420233463035022,0.23127801679893553,-2.347848780759549,0.2234529487068208,-2.3036709831551,0.22067440320631468,-2.1772883985613847,0.22331807841197146,-2.303889976521425
0.11490272373540858,0.22963990391525918,-2.329902438023072,0.22185164291768514,-2.2689919144303627,0.21915977942775586,-2.1478710479167114,0.22171663764632454,-2.269158219639964
0.11560311284046694,0.2280143000837562,-2.3121280656523524,0.22027452890330046,-2.234592853751171,0.21766561768485662,-2.1188587221804736,0.22013942586431795,-2.2347055602720447
0.11630350194552531,0.22640108573795176,-2.294523160607442,0.21872140459874967,-2.2004908056748707,0.2161916326307114,-2.09025617280204,0.21858624171177543,-2.2005487946328417
0.11700389105058367,0.2248001430457641,-2.2770852730454143,0.21719205600381442,-2.1667028447868684,0.2147375356384138,-2.0620680142479686,0.2170568720447557,-2.166704790151159
0.11770428015564204,0.22321135587271956,-2.2598120049733814,0.2156862571398201,-2.1332460987836197,0.21330303489763494,-2.0342987222003814,0.21555109188538005,-2.13319046908965
0.11840466926070041,0.2216346097460985,-2.2427010089375234,0.21420377001851787,-2.1001377310242293,0.21188783551242824,-2.006952631852082,0.21406866438931557,-2.1000227916453515
0.11910505836575877,0.22006979181998726,-2.2257499867471675,0.2127443446233665,-2.0673949225730444,0.2104916396001962,-1.9800339362999473,0.21260934082527133,-2.067218738551553
0.11980544747081713,0.21851679084121156,-2.2089566882329508,0.21130771890356218,-2.0350348537577165,0.2091141463917456,-1.9535466850380245,0.21117286056684648,-2.0347952932040587
0.12050583657587549,0.21697549711612824,-2.19231891003816,0.20989361878114765,-2.003074685269536,0.20775505233236405,-1.9274947825516566,0.20975895109705733,-2.002769423336991
0.12120622568093387,0.21544580247825168,-2.175834494442325,0.20850175817150954,-1.9715315388348087,0.20641405118384462,-1.9018819870138532,0.20836732802584781,-1.9711580622754168
0.12190661478599224,0.21392760025669372,-2.1595013282162108,0.20713183901755494,-1.9404224774883507,0.20509083412738818,-1.8767119090849358,0.20699769512087052,-1.9399780897940058
0.1226070038910506,0.2124207852453945,-2.1433173415073576,0.20578355133783421,-1.909764485482121,0.20378508986730984,-1.8519880108164484,0.20564974435180278,-1.9092463126130532
0.12330739299610897,0.21092525367312331,-2.1272805067553127,0.2044565732888521,-1.8795744478641028,0.20249650473547517,-1.8277136046600975,0.20432315594844,-1.8789794445650523
0.12400778210116734,0.20944090317422928,-2.11138883763579,0.20315057124178784,-1.8498691297645398,0.20122476279639573,-1.8038918525824699,0.20301759847278655,-1.8491940864670229
0.1247081712062257,0.20796763276012148,-2.0956403880329395,0.20186519987381268,-1.8206651554284368,0.1999695459529054,-1.780525765286027,0.20173272890533464,-1.8199067057355056
0.12540856031128406,0.20650534279145916,-2.0800332510389814,0.2006001022741707,-1.7919789870351528,0.19873053405234578,-1.7576182015368502,0.2004681927457007,-1.7911336157830284
0.12610894941634243,0.20505393495103355,-2.064565557980458,0.19935491006515602,-1.7638269033475502,0.19750740499318586,-1.7351718675993772,0.19922362412775635,-1.7628909552364
0.12680933852140078,0.20361331221732237,-2.049235477470387,0.19812924353809097,-1.7362249782348174,0.196299834831998,-1.7131893167783423,0.1979986459493651,-1.735194667018865
0.12750972762645915,0.2021833788386992,-2.034041214485604,0.19692271180437718,-1.709189059114536,0.19510749789071907,-1.6916729490679134,0.19679287001680448,-1.708060477339547
0.12821011673151753,0.20076404030828068,-2.0189810094686225,0.195734912961661,-1.6827347453609895,0.19393006686411896,-1.6706250109079341,0.19560589720392382,-1.6815038746350064
0.12891050583657587,0.1993552033393945,-2.004053137453345,0.1945654342751185,-1.6568773667278627,0.19276721292740276,-1.6500475950470106,0.1944373176260534,-1.6555400885089293
0.12961089494163425,0.19795677584165064,-1.9892559072139695,0.19341385237383404,-1.6316319618346435,0.1916186058438708,-1.6299426405121156,0.19328671082865204,-1.6301840687170746
0.13031128404669262,0.1965686668976024,-1.9745876604364816,0.19227973346220958,-1.6070132567668813,0.19048391407256335,-1.6103119326841497,0.19215364599064283,-1.6054504642455463
0.131011673151751,0.19519078673997864,-1.9600467709121014,0.19116263354630778,-1.5830356438413211,0.18936280487581614,-1.5911571034788814,0.19103768214235567,-1.5813536025312303
0.13171206225680934,0.19382304672947362,-1.9456316437521035,0.19006209867499432,-1.5597131605874113,0.18825494442665086,-1.572479631632458,0.18993836839795922,-1.5579074688738839
0.13241245136186772,0.19246535933307976,-1.9313407146234218,0.18897766519571121,-1.5370594689971975,0.18715999791593063,-1.5542808430906219,0.1888552442022306,-1.535125686089814
0.1331128404669261,0.19111763810294888,-1.9171724490044944,0.18790886002467347,-1.5150878350957773,0.1860776296592066,-1.5365619115006162,0.1877878395914766,-1.5130214944573956
0.13381322957198444,0.18977979765576705,-1.9031253414607776,0.18685520093124697,-1.4938111088845583,0.18500750320318388,-1.519323858804615,0.18673567546838354,-1.4916077320047414
0.1345136186770428,0.18845175365263045,-1.8891979149394076,0.18581619683622852,-1.4732417047094046,0.18394928143173725,-1.5025675559334541,0.18569826389053892,-1.4708968151897974
0.1352140077821012,0.18713342277940903,-1.8753887200825023,0.18479134812371126,-1.4533915821053651,0.18290262667140592,-1.4862937235992324,0.1846751083723329,-1.4509007200228834
0.13591439688715953,0.18582472272758407,-1.861696334558579,0.1837801469661852,-1.4342722271692088,0.18186720079629892,-1.4705029331853288,0.18366570419991152,-1.431630963681202
0.1366147859922179,0.18452557217554824,-1.8481193624116108,0.18278207766248358,-1.4158946345101153,0.18084266533234414,-1.4551956077321755,0.18266953875882036,-1.413098586664225
0.13731517509727628,0.18323589077035568,-1.8346564334272468,0.18179661698815505,-1.3982692898280025,0.1798286815608123,-1.4403720230171142,0.1816860918739433,-1.3953141355380443
0.13801556420233463,0.1819555991099096,-1.8213062025157198,0.18082323455780294,-1.3814061531677675,0.17882491062105493,-1.4260323087264435,0.18071483616130646,-1.3782876463156828
0.138715953307393,0.1806846187255767,-1.8080673491110018,0.17986139319890296,-1.3653146428963672,0.17783101361238654,-1.4121764497177722,0.1797552373912865,-1.3620286285192058
0.13941634241245138,0.17942287206521704,-1.7949385765857684,0.17891054933657707,-1.350003620448084,0.17684665169505423,-1.3988042873705966,0.1788067548627301,-1.34654604996803
0.14011673151750975,0.17817028247661745,-1.78191861168173,0.17797015338876923,-1.3354813758815873,0.17587148619022913,-1.3859155210229963,0.17786884178745996,-1.3318483223362103
0.1408171206225681,0.17692677419132005,-1.7690062039549401,0.17703965017124076,-1.321755614290468,0.17490517867896413,-1.3735097094921993,0.17694094568461613,-1.3179432875197497
0.14151750972762647,0.17569227230883253,-1.7562001252356478,0.1761184793117728,-1.3088334431067623,0.17394739110005558,-1.3615862726766923,0.17602250878424902,-1.3048382048529819
0.14221789883268485,0.17446670278121293,-1.7434991691023254,0.17520607567293794,-1.2967213603347219,0.17299778584675718,-1.350144493237507,0.1751129684395591,-1.2925397392109959
0.1429182879377432,0.17324999239801778,-1.7309021503694768,0.1743018697827766,-1.2854252437496154,0.17205602586228805,-1.3391835183561476,0.17421175754714813,-1.2810539500327398
0.14361867704280157,0.17204206877160347,-1.7184079045888507,0.1734052882726909,-1.274950341093695,0.1711217747340832,-1.3287023615666254,0.17331830497462683,-1.270386281297021
0.14431906614785994,0.17084286032277354,-1.7060152875637136,0.17251575432184774,-1.265301261298765,0.1701946967867375,-1.3186999046589774,0.17243203599490126,-1.260541552481081
0.1450194552529183,0.16965229626676095,-1.6937231748758106,0.17163268810736154,-1.2564819667618183,0.16927445717359016,-1.309174899651537,0.17155237272643892,-1.2515239505286302
0.14571984435797666,0.16847030659953713,-1.681530461424682,0.17075550725951183,-1.2484957666972454,0.16836072196690507,-1.300125970829219,0.1706787345788,-1.243337022851466
0.146420233463035,0.16729682208444047,-1.6694360609790082,0.16988362732123385,-1.2413453115859712,0.1674531582466027,-1.2915516168449919,0.16981053870270282,-1.2359836713858134
0.14712062256809338,0.16613177423911377,-1.6574389057396421,0.16901646221110714,-1.2350325887386349,0.16655143418749668,-1.2834502128816607,0.1689472004438759,-1.2294661477214923
0.14782101167315176,0.1649750953227443,-1.6455379459140287,0.1681534246890579,-1.2295589189866778,0.16565521914499748,-1.2758200128710477,0.16808813379994272,-1.223786049318916
0.1485214007782101,0.1638267183235983,-1.6337321493017016,0.16729392682398084,-1.2249249545117953,0.1647641837392425,-1.2686591517676102,0.16723275187957085,-1.2189443168256966
0.14922178988326848,0.16268657694684122,-1.62202050089055,0.16643738046247952,-1.2211306778208122,0.1638779999376144,-1.2619656478734727,0.16638046736311263,-1.2149412325014115
0.14992217898832685,0.16155460560263785,-1.6104020024635783,0.16558319769792362,-1.218175401869582,0.16299634113561554,-1.2557374052118893,0.16553069296396036,-1.2117764197557974
0.15062256809338523,0.16043073939452382,-1.5988756722158675,0.164730791339016,-1.2160577713360872,0.16211888223606247,-1.2499722159460334,0.16468284188983345,-1.209448843802308
0.1513229571984436,0.15931491410804188,-1.5874405443814656,0.16387957537706724,-1.2147757650393658,0.1612452997265728,-1.2446677628400524,0.1638363283032179,-1.2079568134256702
0.15202334630350195,0.15820706619963643,-1.5760956688699397,0.16302896545117576,-1.2143266994975421,0.16037527175531285,-1.2398216217592952,0.16299056778017884,-1.2072979838587383
0.15272373540856032,0.15710713278579883,-1.5648401109123322,0.1621783793105204,-1.2147072336147302,0.15950847820498285,-1.2354312642066048,0.16214497776677217,-1.2074693607606717
0.1534241245136187,0.15601505163245802,-1.553672950716267,0.16132723727297935,-1.2159133744832562,0.15864460076501302,-1.2314940598915434,0.1612989780322872,-1.20846730528518
0.15412451361867704,0.1549307611446089,-1.5425932831299545,0.16047496267929848,-1.2179404842842938,0.1577833230019506,-1.2280072793294652,0.16045199111856168,-1.210287540224372
0.15482490272373542,0.15385420035617367,-1.5316002173148646,0.15962098234204838,-1.2207832882668266,0.1569243304280153,-1.2249680964672907,0.159603442784623,-1.2129251572106248
0.1555252918287938,0.152785308920089,-1.5206928764268326,0.15876472698862182,-1.2244358837816334,0.15606731056780898,-1.2223735913329075,0.15875276244591988,-1.2163746249557814
0.15622568093385214,0.15172402709861382,-1.5098703973053618,0.15790563169754243,-1.228891750344006,0.15521195302316176,-1.220220752705094,0.15789938360742717,-1.2206297985040557
0.15692607003891051,0.15067029575385174,-1.4991319301709198,0.1570431363273731,-1.2341437606959753,0.15435794953610096,-1.2185064808008927,0.15704274428992251,-1.2256839294721145
0.1576264591439689,0.14962405633848327,-1.4884766383299985,0.15617668593753617,-1.2401841928360227,0.15350499404993426,-1.2172275899773894,0.15618228744875473,-1.231529677247105
0.15832684824902724,0.14858525088670124,-1.477903697887737,0.1553057312003795,-1.2470047429816116,0.15265278276843494,-1.2163808114448778,0.1553174613844414,-1.2381591211107106
0.1590272373540856,0.14755382200534536,-1.4674122974679034,0.1544297288038475,-1.2545965394273975,0.1518010142131245,-1.2159627959884105,0.15444772014446162,-1.2455637732549085
0.15972762645914398,0.14652971286523037,-1.4570016379400383,0.1535481418441437,-1.2629501572596076,0.15094938927864682,-1.2159701166948023,0.1535725239156311,-1.2537345926527292
0.16042801556420233,0.14551286719266265,-1.4466709321535667,0.1526604402078009,-1.2720556338849742,0.15009761128623164,-1.2163992716821497,0.15269133940647342,-1.2626619997451458
0.1611284046692607,0.14450322926114076,-1.436419404678689,0.15176610094260026,-1.2819024853305991,0.14924538603524543,-1.2172466868290213,0.15180364021903145,-1.2723358919032481
0.16182879377431908,0.14350074388323505,-1.4262462915538787,0.1508646086168201,-1.2924797232693213,0.14839242185283277,-1.2185087185004815,0.15090890720959013,-1.2827456596229887
0.16252918287937743,0.14250535640264236,-1.4161508400398,0.14995545566631754,-1.3037758727236248,0.14753842964164965,-1.2201816562682033,0.15000662883781254,-1.2938802034081882
0.1632295719844358,0.14151701268640995,-1.4061323083794761,0.14903814272898844,-1.315778990399662,0.14668312292569466,-1.2222617256219306,0.1490963015038239,-1.3057279512959439
0.16392996108949417,0.14053565911732604,-1.396189965564545,0.14811217896617948,-1.3284766836017858,0.1458262178942452,-1.2247450906696744,0.14817742987281002,-1.3182768769774138
0.16463035019455252,0.1395612425864718,-1.3863230911074342,0.14717708237066476,-1.3418561296770204,0.1449674334439067,-1.227627856824023,0.14724952718672893,-1.3315145184657715
0.1653307392996109,0.13859371048593053,-1.376530974819301,0.1462323800608319,-1.355904095938048,0.14410649121878602,-1.230906073472083,0.14631211556277088,-1.3454279972622747
0.16603112840466924,0.137633010701651,-1.3668129165935796,0.14527760856076388,-1.3706069600127557,0.14324311564880235,-1.2345757366265553,0.1453647262782348,-1.3600040379706995
0.16673151750972764,0.13667909160645972,-1.3571682261949884,0.14431231406593184,-1.385950730567958,0.14237703398614673,-1.2386327915556106,0.1444069000415241,-1.375228988309879
0.16743190661478602,0.13573190205322014,-1.347596223053853,0.1433360526942595,-1.4019210683547256,0.14150797633990975,-1.2430731353892357,0.14343818724900192,-1.3910888394737593
0.16813229571984437,0.13479139136813278,-1.3380962360655961,0.14234839072234912,-1.4185033075228084,0.14063567570889093,-1.2478926196998248,0.14245814822747913,-1.4075692467882714
0.16883268482490274,0.13385750934417523,-1.328667603395265,0.14134890480670062,-1.435682477151727,0.13975986801261187,-1.2530870530548925,0.14146635346214498,-1.4246555506143874
0.16953307392996111,0.13293020623467666,-1.319309672286956,0.14033718218978983,-1.4534433229466417,0.13888029212055036,-1.2586522035398127,0.14046238380978712,-1.442332797446953
0.17023346303501946,0.13200943274702415,-1.3100217988780094,0.13931282089090863,-1.471770329047522,0.13799668987962027,-1.2645838012486215,0.13944583069717897,-1.4605857611593223
0.17093385214007784,0.1310951400364979,-1.3008033480178436,0.1382754298817048,-1.4906477399010114,0.1371088061399171,-1.2708775407409938,0.13841629630455174,-1.4793989643444099
0.1716342412451362,0.13018727970023145,-1.29165369309131,0.13722462924639617,-1.5100595821451759,0.13621638877875636,-1.2775290834635755,0.13737339373409957,-1.4987566997034913
0.17233463035019456,0.1292858037712941,-1.282572215846443,0.13616005032666675,-1.5299896864584774,0.13531918872302798,-1.2845340601339421,0.13631674716350153,-1.5186430514350535
0.17303501945525293,0.12839066471289234,-1.2735583062264906,0.1350813358512858,-1.550421709325461,0.1344169599698955,-1.291888073085594,0.1352459919844768,-1.5390419165770137
0.1737354085603113,0.12750181541268796,-1.2646113622061135,0.13398814005052612,-1.571339154673015,0.13350945960586633,-1.2995866985723963,0.13416077492642162,-1.5599370262567887
0.17443579766536965,0.12661920917722883,-1.255730789631641,0.1328801287554857,-1.5927253953325693,0.13259644782426308,-1.3076254890310686,0.1330607541652075,-1.5813119668051008
0.17513618677042803,0.12574279972649052,-1.2469160020652688,0.13175697948245232,-1.6145636942851624,0.13167768794112442,-1.3159999753003166,0.13194559941725303,-1.6031502006907976
0.1758365758754864,0.12487254118852563,-1.238166420633108,0.13061838150247573,-1.6368372256480022,0.1307529464095694,-1.324705668795403,0.13081499201900687,-1.6254350872354963
0.17653696498054475,0.12400838809421838,-1.2294814738769717,0.12946403589634356,-1.6595290953630153,0.1298219928326516,-1.33373806363693,0.12966862499201157,-1.6481499030686122
0.17723735408560312,0.12315029537214127,-1.2208605976098013,0.12829365559518174,-1.6826223615497027,0.12888459997474103,-1.3430926387327953,0.1285062030937423,-1.6712778622849793
0.17793774319066147,0.1222982183435123,-1.212303234774642,0.12710696540692984,-1.7061000544866136,0.12794054377146397,-1.352764859812332,0.12732744285444317,-1.6948021362691628
0.17863813229571984,0.12145211271724939,-1.2038088353070695,0.12590370202895926,-1.7299451961878018,0.12698960333823467,-1.3627501814117162,0.12613207260020476,-1.7187058731524383
0.17933852140077822,0.12061193458512015,-1.1953768560009745,0.12468361404713359,-1.7541408195426862,0.12603156097741391,-1.3730440488098727,0.12491983246255223,-1.742972216870373
0.18003891050583656,0.11977764041698437,-1.1870067603776184,0.12344646192162335,-1.7786699869898774,0.12506620218412964,-1.3836418999141653,0.12369047437483438,-1.7675843257909765
0.18073929961089494,0.11894918705612711,-1.1786980185578768,0.12219201795981431,-1.803515808697702,0.1240933156507944,-1.3945391670952332,0.12244376205572542,-1.792525390885388
0.1814396887159533,0.11812653171468046,-1.170450107137581,0.12092006627666131,-1.828661460226338,0.12311269327035544,-1.4057312789704763,0.12117947098016593,-1.8177786534151936
0.18214007782101166,0.11730963196913112,-1.1622625090658767,0.1196304027428616,-1.8540901996486678,0.1221241301383142,-1.417213662135719,0.11989738833809441,-1.8433274221125404
0.18284046692607003,0.11649844575591234,-1.154134713526525,0.11832283492123105,-1.8797853841091554,0.12112742455355051,-1.428981742844729,0.11859731298132858,-1.869155089831307
0.18354085603112844,0.11569293136707803,-1.1460662158220607,0.11699718199168554,-1.9057304858022595,0.12012237801798982,-1.4410309486363182,0.1172790553589754,-1.8952451496497429
0.18424124513618678,0.11489304744605726,-1.1380565172607422,0.11565327466523964,-1.9319091073540628,0.11910879523514888,-1.4533567099088098,0.11594243744176169,-1.921581210407037
0.18494163424124516,0.1140987529834862,-1.130105125046206,0.11429095508744493,-1.9583049965929538,0.11808648410759649,-1.4659544614418494,0.11458729263568401,-1.9481470116583937
0.18564202334630353,0.11331000731311734,-1.122211552169769,0.11291007673170073,-1.9849020606973098,0.11705525573336704,-1.4788196438654506,0.113213465685393,-1.974926438035246
0.18634241245136188,0.11252677010780265,-1.1143753173052993,0.11151050428287713,-2.0116843797102417,0.1160149244013649,-1.4919477050764183,0.11182081256773137,-2.0019035329992545
0.18704280155642025,0.11174900137554966,-1.1065959447065896,0.11009211351169675,-2.038636219413455,0.11496530758579315,-1.5053341016022337,0.11040920037585353,-2.0290625119807513
0.18774319066147863,0.1109766614556487,-1.0988729641071742,0.10865479114032527,-2.0657420435543146,0.1139062259396472,-1.5189742999126439,0.10897850719436135,-2.0563877748942097
0.18844357976653697,0.11020971101486915,-1.091205910622512,0.10719843469962641,-2.0929865254220723,0.1128375032873064,-1.5328637776792333,0.10752862196589409,-2.083863918025231
0.18914396887159535,0.10944811104372372,-1.083594324654489,0.10572295237853839,-2.1203545587711314,0.11175896661626336,-1.5469980249833413,0.10605944434961356,-2.1114757452853823
0.18984435797665372,0.10869182285279864,-1.0760377517981672,0.10422826286602715,-2.147831268090977,0.1106704460680232,-1.5613725454727467,0.10457088457202875,-2.1392082788329656
0.19054474708171207,0.10794080806914845,-1.0685357427507283,0.1027142951860763,-2.175402018224113,0.10957177492821256,-1.5759828574676036,0.10306286327060474,-2.167046769059544
0.19124513618677044,0.10719502863275368,-1.06108785322255,0.10118098852616772,-2.2030524233350812,0.10846278961592959,-1.5908244950162194,0.10153531133059661,-2.1949767039437034
0.1919455252918288,0.10645444679304032,-1.0536936438503643,0.09962829205970615,-2.2307683552350395,0.10734332967237353,-1.6058930089012438,0.09998816971555573,-2.222983817775016
0.19264591439688716,0.10571902510545923,-1.046352680112438,0.09805616476283815,-2.2585359510680254,0.1062132377487862,-1.6211839675969737,0.09842138929194341,-2.2510540992527828
0.19334630350194554,0.10498872642812436,-1.0390645322457268,0.09646457522610839,-2.286341620366344,0.10507235959373884,-1.6366929581785057,0.0968349306482893,-2.2791737989654557
0.19404669260700388,0.1042635139185082,-1.0318287751649495,0.09485350146139232,-2.314172051483812,0.10392054403980133,-1.6524155871834996,0.09522876390932794,-2.3073294362579997
0.19474708171206226,0.10354335103019324,-1.0246449883835307,0.09322293070453937,-2.3420142174169314,0.10275764298962117,-1.6683474814274084,0.09360286854553429,-2.335507805495765
0.19544747081712063,0.10282820150967849,-1.0175127559363693,0.09157285921414919,-2.36985538102504,0.10158351140144944,-1.6844842887730438,0.0919572331784841,-2.363695981734501
0.19614785992217898,0.10211802939323894,-1.0104316663043773,0.0899032920668994,-2.3976830996616885,0.10039800727414416,-1.7008216788553856,0.09029185538244575,-2.3918813258073355
0.19684824902723735,0.10141279900383772,-1.0034013123407495,0.0882142429498304,-2.4254852292304263,0.09920099163167805,-1.7173553437626523,0.08860674148261002,-2.4200514888405262
0.19754863813229573,0.10071247494808905,-0.9964212911989161,0.0865057339499902,-2.45324992767895,0.09799232850718902,-1.7340809986745753,0.08690190635035483,-2.4481944162106264
0.19824902723735408,0.1000170221132712,-0.9894912042621337,0.08477779534182033,-2.480965657946551,0.09677188492659368,-1.7509943824589618,0.08517737319592852,-2.4762983509567214
0.19894941634241245,0.09932640566438813,-0.9826106570746752,0.08303046537266721,-2.508621190380354,0.09553953089180081,-1.768091258227606,0.08343317335893066,-2.504351836661988
0.19964980544747085,0.0986405910412787,-0.9757792592745749,0.08126379004678222,-2.5362056046365327,0.09429513936354754,-1.785367413852646,0.0816693460969564,-2.53234371981957
