seed,S_M1_16,S_M2_16,S_M1_32
20262001,0.004750775137791911,0.0049849050652769344,0.00470125086297309
20262002,0.004289743407374276,0.0006740429314668154,0.004315100030028514
20262003,0.02457716867151734,0.0007845717220131462,0.024549515161487807
20262004,0.025616276232022412,0.0006760719121471359,0.025616276232022412
20262005,0.004361491572186349,0.0050534445428023584,0.004378562090368872
20262006,0.025294412584867237,0.004787366264452753,0.025294412584867237
20262007,0.025616276232022412,0.00495491013482204,0.025616276232022412
20262008,0.02414848250045361,0.00029478945545050966,0.02412604812427817
20262009,0.02414848250045361,0.004969839599640369,0.015533081257087486
20262010,0.0043766803202773446,0.004544435405276788,0.004410503456054908
20262011,0.004343958864483984,0.005006374018073689,0.004365731086678222
20262012,0.004437930806166575,0.00042402126077852503,0.004392067499870866
20262013,0.004759767298490332,0.005140779716229542,0.004594884006749271
20262014,0.02532905372727745,0.001133035254845427,0.025294412584867237
20262015,0.004389976274617384,0.0049018665552472696,0.004399990194438226
20262016,0.004373431232348753,0.00417463337348789,0.004400216543498907
20262017,0.020278660062154175,0.0052485343141216445,0.015790315610005434
20262018,0.004378363935724845,0.004974548063419719,0.004390501750531277
20262019,0.025260054162510353,0.004774823321874326,0.025260054162510353
20262020,0.004305864134128219,0.00026958309065864644,0.004324876358810441
