seed,rmse_value,rmse_derivative,S,principal_rank_value,principal_rank_sensitivity,principal_rank_S
20262001,0.008805153650147286,0.9187308924677653,0.004750775137791911,11.0,11.0,10.0
20262002,0.0062695704587131295,0.6929307611178087,0.004289743407374276,1.0,1.0,1.0
20262003,0.012841260159980026,1.1267735433264268,0.02457716867151734,14.0,14.0,15.0
20262004,0.017973974864783884,1.4182476308900147,0.025616276232022412,18.0,19.0,19.5
20262005,0.00779996323583669,0.8379027009430802,0.004361491572186349,4.0,5.0,4.0
20262006,0.017557771392790467,1.382979892425861,0.025294412584867237,17.0,16.0,17.0
20262007,0.020222596997393635,1.4995361470579611,0.025616276232022412,20.0,20.0,19.5
20262008,0.012326968047247444,1.1522778445168482,0.02414848250045361,13.0,15.0,13.5
20262009,0.010574748206986142,0.972932013629351,0.02414848250045361,12.0,12.0,13.5
20262010,0.00786126367214676,0.8532456002461917,0.0043766803202773446,6.0,6.0,6.0
20262011,0.006737830390333351,0.739881959908783,0.004343958864483984,3.0,2.0,3.0
20262012,0.008042468566756179,0.8936776922677476,0.004437930806166575,8.0,10.0,9.0
20262013,0.007820370221855534,0.8224312837703168,0.004759767298490332,5.0,4.0,11.0
20262014,0.016988215175893773,1.4107151030108995,0.02532905372727745,16.0,18.0,18.0
20262015,0.008366266642272184,0.8895950693659055,0.004389976274617384,10.0,9.0,8.0
20262016,0.007946078324455513,0.8572755297074016,0.004373431232348753,7.0,7.0,5.0
20262017,0.013903812410887327,1.0575424908458901,0.020278660062154175,15.0,13.0,12.0
20262018,0.008110108015690029,0.8685514182677629,0.004378363935724845,9.0,8.0,7.0
20262019,0.01829573817985273,1.3938796888126739,0.025260054162510353,19.0,17.0,16.0
20262020,0.006337394017164026,0.7986189575817794,0.004305864134128219,2.0,3.0,2.0
