seed,condition,step,status,missing_reason,parameter_id,rmse_value,rmse_derivative,rmse_value_normalized,rmse_derivative_normalized,max_abs_value_error_discrete,max_abs_derivative_error_discrete,mean_D_interior,rounded_saturation_fraction,near_saturation_fraction,boundary_abs_value_error_a,boundary_abs_value_error_b,boundary_abs_derivative_error_a,boundary_abs_derivative_error_b,training_loss,n_value_labels,n_derivative_labels,C_label_q1_1
20262001,M1_16,300,AVAILABLE,,52BEC37220CA3DC079D2C5D4057CD5CFA726AA7832E3D7059F64E6540B1D2E22,0.04897001120030897,2.4122722707179127,0.08546987967353718,0.25900276049273324,0.14868982681832577,7.135150300637402,0.0769239105438397,0.0,0.0,0.15120122296402405,0.0806682597856002,7.207836800876048,1.9898715882116325,0.007086332140439006,16,0,16
20262001,M1_16,3000,AVAILABLE,,9069A4C38139D2363F2A742B1B81B17C385228AEB7E97C3AFCF9FB88F61B1B7E,0.008805153650147286,0.9187308924677653,0.015368087622172056,0.09864302640608913,0.03656999306528119,3.63326746539064,0.004750775137791911,0.0,0.0,0.03785388158846914,0.01792625936978845,3.6992975850644108,1.5775859442626141,0.0002079185031596676,16,0,16
20262001,M2_16,300,AVAILABLE,,DB6A50BE3B43657C845E8191AB3F31D231E203D97BF0E7076865803AD7EE0668,0.04699123197396491,2.2391060632345394,0.08201621449702085,0.24041011392182887,0.1304588244485746,6.639175370989703,0.0769239105438397,0.0,0.0,0.1327963568373114,0.09808368980890442,6.710857327817193,2.022852351800508,0.06340990239665274,16,16,32
20262001,M2_16,3000,AVAILABLE,,578982053EACC953AFC3DB4C76D52F7DC6608D65A11AB88AA61034C318A6CD2D,0.0071840521217994315,0.5328447010229841,0.012538695731700033,0.057210892051503606,0.012016944743378666,2.223684674843967,0.0049849050652769344,0.0,0.0,0.008824682922857208,0.00463108304443266,2.2805184292271035,0.8216895417003045,0.003166383038901696,16,16,32
20262001,M1_32,300,AVAILABLE,,73DC5438950E7DE82AC1370AD19FF458F90E280771A2F1AFF2596B20F9F6458B,0.04895842399279614,2.4114046220011485,0.08544965592419346,0.2589096020978423,0.1481206508058711,7.130658705819695,0.0769239105438397,0.0,0.0,0.15063047403008345,0.08084827345111598,7.203345269138538,1.9937534091895295,0.0072471187814205475,32,0,32
20262001,M1_32,3000,AVAILABLE,,00A83264FCB9B3C313A13DB6828418001AD1BA47F16DFB634F0C4CF620C68746,0.008725772292405787,0.9107024609369244,0.01522953925495328,0.09778102340827005,0.03561774082635061,3.602935751613564,0.00470125086297309,0.0,0.0,0.03689098075264918,0.017519387126462407,3.6688140425335503,1.573931287758352,0.00022488635103428325,32,0,32
20262002,M1_16,300,AVAILABLE,,99240ED65311A8E314C472634D2359CC831E8E4A0B872E4181FC613E57C6E4FF,0.04427418066466645,2.195140880978365,0.0772740050757761,0.2356896253981489,0.13330893760113516,6.516735075297508,0.0769239105438397,0.0,0.0,0.13560317089863239,0.07623885121102486,6.586011049621629,2.061634644120079,0.005787670781569265,16,0,16
20262002,M1_16,3000,AVAILABLE,,1162B4CD10C21E1FE1F9B741777D93B44BE57EECACDB03E8FEA79E36FE1F98A5,0.0062695704587131295,0.6929307611178087,0.010942603842157044,0.07439913899372191,0.02430049439530846,2.7512771079403704,0.004289743407374276,0.0,0.0,0.02527402633376219,0.017515839741227834,2.8088056603846407,1.5078637566317028,0.00010358625663800831,16,0,16
20262002,M2_16,300,AVAILABLE,,05A18A80D659C2CCC55539ADE1FDDC7C945092A4DD878B5AC2E2B8D9AA1749C2,0.03293123090449422,1.6724230251671914,0.05747657135293511,0.17956604048721153,0.08838298627625152,4.322788377286306,0.02499399706464478,0.0,0.0,0.08990713806181949,0.08723255498812628,4.381943611003165,3.2692860339315555,0.034837945871942604,16,16,32
20262002,M2_16,3000,AVAILABLE,,915F340370758C3E2546C427AB5353579B0BCD614AEFB5750F66336D276B4AC9,0.004780171863449341,0.3108514471527722,0.008343079855886686,0.03337574447670789,0.008130142226790205,1.3738969507656433,0.0006740429314668154,0.0,0.0,0.0023712240001767526,0.0007203842467500554,1.4173644661954103,0.4089135914953219,0.001065241430216985,16,16,32
20262002,M1_32,300,AVAILABLE,,079DF10E04953969301068932566711CC814B38C146F4A94136CB99005F77084,0.04423485673678814,2.1927069313054646,0.07720537100154029,0.23542829516116284,0.13265400551523454,6.50641044179501,0.0769239105438397,0.0,0.0,0.13494461498125743,0.07638378897540198,6.575639566286681,2.0676636270867013,0.00591494645317691,32,0,32
20262002,M1_32,3000,AVAILABLE,,F627CF11A4DE65AED90BB87F803F61357F5AD5A2E65235F227637DBD71C6030A,0.006203866717207555,0.6856490424302022,0.010827927722161646,0.07361730965210272,0.023627451251590825,2.735401359863612,0.004315100030028514,0.0,0.0,0.0245954127467507,0.0167395632224336,2.7928679700968297,1.479955642442073,0.00011321132462077524,32,0,32
20262003,M1_16,300,AVAILABLE,,F5450740E2D40606867154E212F1B4B3B64971421F95FE3BE319002A384B42FD,0.052126476320832574,2.590398546156815,0.09097902062393107,0.27812796356992747,0.16284097498783323,7.774914158691667,0.0769239105438397,0.0,0.0,0.16557706492535107,0.07726293875147941,7.851322890365045,1.6179983808672207,0.00802780333849865,16,0,16
20262003,M1_16,3000,AVAILABLE,,B1BDCAEE4A7C783EEF124A32792DACB144E1EB523C51B898220D9EE74755AE05,0.012841260159980026,1.1267735433264268,0.022412511940024936,0.12098031458317496,0.05422634084222189,4.6154484787712455,0.02457716867151734,0.0,0.0,0.05585557681868125,0.013657821630315953,4.689438372820835,0.5935636209704871,0.00045648594835807384,16,0,16
20262003,M2_16,300,AVAILABLE,,6F192CE323EDA9C7664A6849AE707F2BCBEED81A8BEC6B11E11C3B8FF7C823CD,0.048604370767950655,2.3105801031641247,0.08483170861759001,0.24808419527244735,0.13879949013695558,7.105343809044182,0.0769239105438397,0.0,0.0,0.14130097717700552,0.09497475375293378,7.181051735267465,1.4817285621360907,0.06751034284805778,16,16,32
20262003,M2_16,3000,AVAILABLE,,81C33066BDFBBBCD0D3066E6D53017CE8C69CF8015607D032BC3839C952EC3E1,0.004995195884606486,0.3471945007362279,0.00871837234132327,0.03727785424976803,0.008132651357475373,1.478626565901366,0.0007845717220131462,0.0,0.0,0.00329142509913527,0.003265249139424345,1.5268309446979726,0.5768643664810145,0.0013222404110732968,16,16,32
20262003,M1_32,300,AVAILABLE,,49328AB7ADD18444467571A0240BDC490CEF241DDD227F537B6567B0D44CB7D0,0.0521095375399194,2.589295625655145,0.09094945649823497,0.2780095443276205,0.1622142431657002,7.7700693296072485,0.0769239105438397,0.0,0.0,0.16494863722887987,0.07749726387775492,7.846482396971476,1.6219630585467193,0.008209674419869962,32,0,32
20262003,M1_32,3000,AVAILABLE,,13D35A9B24656BDDFF61E6A9D465F9649930F1D72D5FFD23CD3973E071E30838,0.012533446008240901,1.1048964829744972,0.021875268066354165,0.11863140103332531,0.052423892867096256,4.546698075396606,0.024549515161487807,0.0,0.0,0.05402899285866769,0.013305454173543688,4.620345813408392,0.5710325778689436,0.00046736218243696666,32,0,32
20262004,M1_16,300,AVAILABLE,,D619E3B5BAC9FE675E6E9C6A7D8FABB01F732659B0DDCEBFE1C95FF4605C283B,0.0498716847676611,2.5518159729029204,0.08704361693471856,0.2739853992744395,0.16094398086401862,7.912461747997951,0.0769239105438397,0.0,0.0,0.16372863360980638,0.0649334864931459,7.99112349321883,1.0913965922118527,0.007335498273644666,16,0,16
20262004,M1_16,3000,AVAILABLE,,4400790EC01E9BCB9454F1D6EF205C929CC33BC89668EAA01B2E9ECBEFF2249A,0.017973974864783884,1.4182476308900147,0.03137090295251081,0.15227553536213068,0.07444319857202175,5.433579745105963,0.025616276232022412,0.0,0.0,0.07635941619505637,0.013501770282993264,5.510287907911476,0.961937912911532,0.0009097277364660185,16,0,16
20262004,M2_16,300,AVAILABLE,,D731E287CCE135A832A5A54A9E65FDBB68E02FE75613CC8DB3119E0CBACC8752,0.04590359488040302,2.256510884464218,0.08011790552717066,0.24227884855808435,0.12875451225466206,7.19983566244256,0.03859804757547395,0.0,0.0,0.13128956045436924,0.0820698621513121,7.278232334547236,0.9605809439009116,0.06385930269693427,16,16,32
20262004,M2_16,3000,AVAILABLE,,865423B2B0DE50193C84806AECCA3B644F9C79DC0AE63066A2E84B3EE6E1BD4D,0.004268629953867441,0.2880984516322679,0.007450259446246662,0.030932782825643695,0.008120760154205042,1.4165624006067778,0.0006760719121471359,0.0,0.0,0.0027123262354008526,0.0012727525776482507,1.4621506889672968,0.15518813360852457,0.0008895961145013525,16,16,32
20262004,M1_32,300,AVAILABLE,,1C129B397D30F7B0494487120BFB4ADE2C14658F6FF0F7FC50DD757FAC6AE6A5,0.04985396032736695,2.5503892479539227,0.08701268155728878,0.2738322135396699,0.16025467051550568,7.906875269294083,0.0769239105438397,0.0,0.0,0.16303736778241296,0.06522067026488484,7.985542019831222,1.0957843571781127,0.007511132030622182,32,0,32
20262004,M1_32,3000,AVAILABLE,,315121C6FCF55EB1DF11AFFCD47A4ACDB90C151F963519041BBCBAA60D0AEB93,0.017678124766475657,1.4015260707802508,0.030854540556750347,0.1504801616471706,0.07259925286967972,5.380302503716694,0.025616276232022412,0.0,0.0,0.07449678396817805,0.013780477947552883,5.456844549515925,0.9674437276271681,0.000933727795196723,32,0,32
20262005,M1_16,300,AVAILABLE,,511B090C1F50294FF86BE5BEDAD65FF196C95B714D1A5C25A748D1296106EBC9,0.048143514229515724,2.3684593827503466,0.08402735199358034,0.25429862362290084,0.14545388094463096,6.98481737114765,0.0769239105438397,0.0,0.0,0.14791248725933348,0.08077947500942775,7.056681602417488,2.0533229530118096,0.006848968744235782,16,0,16
20262005,M1_16,3000,AVAILABLE,,9C7AFEC4F1DF5DA2D90E5CEAE784936C92760231826142FC76E00C1212993579,0.00779996323583669,0.8379027009430802,0.013613677082858607,0.0899646010953764,0.030694614289520028,3.354093740297765,0.004361491572186349,0.0,0.0,0.03188074549884745,0.019401548466162835,3.4201730394219947,1.5288714046103988,0.00016219078243203763,16,0,16
20262005,M2_16,300,AVAILABLE,,D24019499599EEAB2B69F4A91A70AF9247BDA65C3FFA73D45685EF9B889581CE,0.044999407934567824,2.1619144350204627,0.07853978153722904,0.23212214202202977,0.12496325359126614,6.407426144460583,0.0769239105438397,0.0,0.0,0.12721940848224322,0.09486515922010869,6.477851275635259,2.083677979441119,0.058990625751665623,16,16,32
20262005,M2_16,3000,AVAILABLE,,B6B41AF8E402617224B2F5BCAEC4B3123AEDD3D93CA7FF3B8AD236E21D55F0FF,0.007673204887754995,0.5714845772789268,0.013392439217221965,0.061359608901118745,0.012930758778612328,2.3464238617158273,0.0050534445428023584,0.0,0.0,0.010035032405302458,0.005170492902494037,2.4039760075275396,0.9104924979577176,0.0036579560911904475,16,16,32
20262005,M1_32,300,AVAILABLE,,0A74F933C4D5636E2E7690FCB72FFFDD08A8EF0FED4A3B2117EECD56EECB7EBD,0.048130934356212955,2.3675610336602517,0.08400539569356853,0.2542021689660011,0.14489584267285893,6.980153138724902,0.0769239105438397,0.0,0.0,0.147352815134837,0.08094549255506031,7.0520147229888215,2.057275087357545,0.007004157856121289,32,0,32
20262005,M1_32,3000,AVAILABLE,,33FE819E3597235D9AEB179EA5AF727576DA0D9CED5B944BD0470B5FE8AFF828,0.00776768251785385,0.8331225189655432,0.013557335885171658,0.0894513587293017,0.029852762711644054,3.3327176482100915,0.004378562090368872,0.0,0.0,0.03103139675041977,0.0190254075903058,3.3987319738175534,1.5266750417341346,0.00017798793545123633,32,0,32
20262006,M1_16,300,AVAILABLE,,2732BDF92B05FACB3AD7019EAD0FB3DE16E889265C59927008927F5F74DB5226,0.05144239055390215,2.588629093212919,0.08978505054402318,0.2779379795442459,0.16327669894055286,7.8839504726198495,0.0769239105438397,0.0,0.0,0.1660511645965248,0.0716562570953127,7.961454401956434,1.3600187755800828,0.007813054618244332,16,0,16
20262006,M1_16,3000,AVAILABLE,,3B43C2D85AAB07F30A2FCDFCF7C271D5031BD992D1C08FBAEAE93C13D5E04422,0.017557771392790467,1.382979892425861,0.03064448162241397,0.14848888087481069,0.07461003222022966,5.372263975190071,0.025294412584867237,0.0,0.0,0.0765046150770744,0.0079614199691352,5.448044021450817,0.6637186855747917,0.0008666791218469331,16,0,16
20262006,M2_16,300,AVAILABLE,,1973D101FFFCC3DB0E2DC54B331BFA612D2A388CCE53F9944F6FA300CE0AD779,0.04728170414521452,2.2871829381278843,0.08252319052003346,0.24557206991841887,0.13499363416769383,7.184525553657556,0.0769239105438397,0.0,0.0,0.13752311467170464,0.08829844676885551,7.2617439354982825,1.1966375358903825,0.06586227759639815,16,16,32
20262006,M2_16,3000,AVAILABLE,,F7A700B48976F83B90CEDDC0FE3BF98827755678F3A0E70CE1B4202B7EE3D03E,0.006335671640410495,0.4607432295163994,0.011057973634964378,0.049469444130189194,0.011890437901006856,2.1181046300993494,0.004787366264452753,0.0,0.0,0.007918636661639167,0.0003793714709750817,2.173122843556394,0.35635554739793807,0.002340425026873318,16,16,32
20262006,M1_32,300,AVAILABLE,,550D17B90ED00D36EFF6CD147205B5370BD6CD377A1B8E253D569A6A3E19AC67,0.051424788863499174,2.587389962575052,0.089754329408293,0.2778049355841115,0.16261976746151852,7.87885665891074,0.0769239105438397,0.0,0.0,0.16539245030616656,0.07191708830347641,7.956366386662533,1.36410259980502,0.007993977089499884,32,0,32
20262006,M1_32,3000,AVAILABLE,,A4F2D8D365B4F3AB17B51F4DD689DEFCF3A18A8AE236722C27410241F0CC7D09,0.017283706116557107,1.3680612321625012,0.030166141397280178,0.14688708233906186,0.07300893095557359,5.326760724805359,0.025294412584867237,0.0,0.0,0.07488755270202319,0.008097848444091532,5.402391764950167,0.6645497016379373,0.0008921516403790007,32,0,32
20262007,M1_16,300,AVAILABLE,,A69B1B7F589D174333FB4795E0612B8679728FFD3EA0B9AE2441B0C83A2A8A6D,0.0499659552034632,2.549329655701776,0.08720815197580357,0.2737184463991883,0.16360508853552969,7.887824241713777,0.0769239105438397,0.0,0.0,0.16638103712302166,0.06348334296340782,7.966050899634055,1.1329667782629211,0.00736093582381205,16,0,16
20262007,M1_16,3000,AVAILABLE,,19CC9EC54EBB713E1496730BA8BCC251261450B60847703D4DC304D492381F61,0.020222596997393635,1.4995361470579611,0.03529553883464832,0.1610033851738729,0.08409857366241036,5.711846197686385,0.025616276232022412,0.0,0.0,0.086112315478997,0.0031194431752892687,5.7889922578013255,0.67227951289574,0.0011596516142080172,16,0,16
20262007,M2_16,300,AVAILABLE,,4D80228D5956E3CF4244DA55BEF21DB7A8AF404F57FB2A83B4D0865872DBA23A,0.04676944885794158,2.3055325566337372,0.08162912501561152,0.2475422462972196,0.13837203782172913,7.305388550572527,0.0769239105438397,0.0,0.0,0.14094400843816013,0.08244767591883626,7.383547317305027,1.0251468730672624,0.06665357043241528,16,16,32
20262007,M2_16,3000,AVAILABLE,,55C0FF0C1047DB0E580D1DCB15B380FCD90D74537CEFEC459C321E1885A36199,0.008412036485427482,0.5326626582182433,0.014681960011770535,0.057191346335405124,0.015416279877533634,2.376003761212794,0.00495491013482204,0.0,0.0,0.009243154868387893,0.006012212237466716,2.4327083901111424,0.30010048811144674,0.0032260249787891652,16,16,32
20262007,M1_32,300,AVAILABLE,,4E2655AA5D8C9CAE96E491DA66D1A9ACB4AE9A4573B723C688EA1A7AB950C2A5,0.0499417408623572,2.5480969491232117,0.08716588944063204,0.2735860921825431,0.16296227156880472,7.882957981139046,0.0769239105438397,0.0,0.0,0.16573651701500502,0.0637460618925122,7.9611903343488475,1.13707358664652,0.007537002215616465,32,0,32
20262007,M1_32,3000,AVAILABLE,,2159A86A625F26C3E233E875B24006E42665E61B3E0AE5BB5ECACD84BD2B8A83,0.019951066412443867,1.486484110404734,0.0348216225366019,0.15960200376088998,0.0825856321167775,5.673990495354337,0.025616276232022412,0.0,0.0,0.0845861024229898,0.003332079382811451,5.751053057596028,0.6788057492585385,0.0011912561439893598,32,0,32
20262008,M1_16,300,AVAILABLE,,EB9A2DBDEE69C097B441A63C408BD5C9A5916F8D8251F7251E674A4E404831C7,0.046022983544195144,2.285449242598525,0.08032628070370386,0.24538592512315316,0.14014519933004355,6.825607277262242,0.0769239105438397,0.0,0.0,0.14254795869008396,0.07640675914387154,6.896943576099401,1.9535311646225983,0.006254313563455233,16,0,16
20262008,M1_16,3000,AVAILABLE,,5C03674BB17C0DB25561CA57F6522A47CF6FF6AB37B5E2B11EE5BE8041312A02,0.012326968047247444,1.1522778445168482,0.021514891459349497,0.1237186806013655,0.05830899515506083,4.909714754922189,0.02414848250045361,0.0,0.0,0.06004213802613778,0.0026600656683736235,4.988597210797437,0.13376853261746113,0.0004120316779649195,16,0,16
20262008,M2_16,300,AVAILABLE,,DF0016B55D66A383C6D1AB78A4D1A0543394B457B7D1EFB0D5440A26A23E838F,0.045982679261091355,2.2099301850972206,0.0802559355650614,0.23727753512088107,0.1248099055135623,6.549173156961503,0.0769239105438397,0.0,0.0,0.12711583307714958,0.09507176626075979,6.620360816419661,2.0402166403327966,0.06165464906470659,16,16,32
20262008,M2_16,3000,AVAILABLE,,B1CB7E43E730140D30C1D503F227151A2F02640CCDEF1363E58B8F3F18DEDC58,0.0033160640691773818,0.2487397348478196,0.005787697205602082,0.0267068849366007,0.0056885296550499564,1.2159788487009813,0.00029478945545050966,0.0,0.0,0.002356599903989176,0.0018683887887471634,1.2610020047183568,0.3275258403890968,0.0006418843565130794,16,16,32
20262008,M1_32,300,AVAILABLE,,8A0B2F230C683B74142E9D01BF7D16F093E2ADAB4EFBA4626B5FC0FC75F281E2,0.046018236354317954,2.2848537127251287,0.08031799518900526,0.24532198379984654,0.13960990153849573,6.821948578257194,0.0769239105438397,0.0,0.0,0.14201138018661352,0.07657527044369787,6.893287988516054,1.9571442581633216,0.006401602188724766,32,0,32
20262008,M1_32,3000,AVAILABLE,,48EB189FC39498CA5AF6647C488ECC68A3CAAD13A8CF02DEE78E9E95C9C66D80,0.011909195900082784,1.1275218414347183,0.020785732239780162,0.12106065844736959,0.05600211634669083,4.833852709056661,0.02412604812427817,0.0,0.0,0.05770867611913133,0.0030230105786939604,4.912641099659534,0.13630935611664874,0.00041972700734875816,32,0,32
20262009,M1_16,300,AVAILABLE,,1874056680EB90526E282FBE20DAD019AC549DC863A0AD15ADEA0D87467BCB7A,0.04852349769825641,2.451477944912545,0.08469055668876316,0.26321222638373165,0.15347067340903542,7.5146403835403515,0.0769239105438397,0.0,0.0,0.15611551743555263,0.0691673021952402,7.5904819424343,1.3937225297811306,0.006948477805494413,16,0,16
20262009,M1_16,3000,AVAILABLE,,CFAD61E6F42AEE6DFDCC89CE63CD16CAA60933B7AE5DFEC0E385897A31A90BE8,0.010574748206986142,0.972932013629351,0.018456652034079094,0.10446253532846873,0.04818904724395168,4.134135267939412,0.02414848250045361,0.0,0.0,0.04964879421743329,0.0044677888441492924,4.202778976665698,0.08731617958395355,0.00030529548522510497,16,0,16
20262009,M2_16,300,AVAILABLE,,5FCD88DDC582AFE1A692C5F86D7169FE41A9AEC75CC02A3704788431535863B6,0.042086628048447317,2.084117784020229,0.07345595696214607,0.22376920955634522,0.11730040810312903,6.633722420379064,0.03459560432840125,0.0,0.0,0.11963651927362218,0.07898895611679745,6.708194559748376,1.2179118519545165,0.054365472880945793,16,16,32
20262009,M2_16,3000,AVAILABLE,,ABED0C6B53C59966D9255CDDA7BB3DA85DFE77E337C3567AD3D5FA881D08D85E,0.006896133497134786,0.5075615583365763,0.01203617654490225,0.05449627155480387,0.011417492895801185,2.1150011737782366,0.004969839599640369,0.0,0.0,0.007639027154365596,0.004637467190247782,2.171084450921275,0.7744709888827166,0.0028704603301303046,16,16,32
20262009,M1_32,300,AVAILABLE,,6DDFE4C15AF2C53B05E64607B2536AF2D03684173325FDBF83100730A83E2CFF,0.04850158874519102,2.4499319457225663,0.08465231786593315,0.26304623431775115,0.1528072393936697,7.508611318832504,0.0769239105438397,0.0,0.0,0.1554499718673713,0.06940359614524651,7.584451700028987,1.3979503707702141,0.007110198421876377,32,0,32
20262009,M1_32,3000,AVAILABLE,,85175268982007BBBB304580776F9C11ED7B11EA4F6E4574996F43E0CC2FF761,0.010262590409351116,0.9533967483731648,0.01791182697177946,0.10236505748994755,0.046469850461822726,4.07270304187139,0.015533081257087486,0.0,0.0,0.047908037202488485,0.004090296584887854,4.141078497257079,0.053662405541651914,0.00031222145618448125,32,0,32
20262010,M1_16,300,AVAILABLE,,2912F654189844A7BEAFD24ABF0E903918E4F48A25D12897F3EFB76A48AE6F2E,0.04956484376055642,2.46519210145443,0.08650807154043899,0.2646846988095415,0.15354122968511807,7.406569401744685,0.0769239105438397,0.0,0.0,0.15614802116928495,0.07644234277145091,7.481230905119025,1.7284276569661798,0.0072561889113690985,16,0,16
20262010,M1_16,3000,AVAILABLE,,C4A79B8F53BCF2EBD146775B1FF7457819E711219100B76D4D48C59B80B41566,0.00786126367214676,0.8532456002461917,0.013720667887780539,0.09161194966448517,0.032509892453589484,3.5558925826482755,0.0043766803202773446,0.0,0.0,0.03376724914450535,0.01666553906215945,3.6251523447697913,1.2749091639852346,0.00016433534724992222,16,0,16
20262010,M2_16,300,AVAILABLE,,B3A80FC21A716E6C1EA9A60D5D78C65322EA8CB87195B3D5A00B3F621B3B87F3,0.045190425029220986,2.162828607585272,0.07887317349886885,0.23222029562630012,0.1253275368077683,6.3698977604009634,0.0769239105438397,0.0,0.0,0.1275704434628544,0.09605016340819474,6.439716990749353,2.1364582736461237,0.05909819472130422,16,16,32
20262010,M2_16,3000,AVAILABLE,,6C1B8254DA67171DF98D7910FD858E049A0A39C6762111A51FF5FF925288454E,0.0068477721139953256,0.4885650974715244,0.011951768935092484,0.05245664449306413,0.011126507038408118,2.0093411529568366,0.004544435405276788,0.0,0.0,0.006969144954485085,0.004038352189978361,2.0628595260859592,0.8103132642844435,0.0026678965679743983,16,16,32
20262010,M1_32,300,AVAILABLE,,1956C5DBC7AFD23B89CD2C388068BF95FDFB4E6D3F86222CE0733A52CE9253D8,0.04953423835172593,2.4629348571331984,0.08645465434599724,0.26444234121276344,0.15283713170315882,7.396341197024562,0.0769239105438397,0.0,0.0,0.15544033501372012,0.07671773089235527,7.470966660801257,1.737006896429927,0.007417771657327381,32,0,32
20262010,M1_32,3000,AVAILABLE,,839147943B6009880D6EB260AE2CCAB5C1CDC0D6B82C841390783C71D1D630D9,0.007794117308460835,0.8440581529625083,0.0136034738850821,0.09062550454498493,0.03132971149716168,3.506980002289046,0.004410503456054908,0.0,0.0,0.03256987393867494,0.01661797894564647,3.5758666605573675,1.292174525400047,0.00017909599885582172,32,0,32
20262011,M1_16,300,AVAILABLE,,FBCDCE868F7B22FCAE865313279BB93186AB3FD7FCDB9748B39E9F6FCA3510A5,0.04830019321373996,2.343641374187072,0.08430081188466024,0.25163394401527617,0.14189136546267012,6.719554087735737,0.0769239105438397,0.0,0.0,0.14425667494154915,0.08701027954207673,6.789116180879644,2.385755111637738,0.006898854780114501,16,0,16
20262011,M1_16,3000,AVAILABLE,,D00CC0B1699516B7F483753B0515595090DBA4C619DB67B64D9C8F75B681AF5F,0.006737830390333351,0.739881959908783,0.011759881989139919,0.07944023250663883,0.026826608877533076,3.05257860187045,0.004343958864483984,0.0,0.0,0.027906555187650506,0.01610669990999615,3.1152539778096395,1.3292536486886342,0.00012033909245242255,16,0,16
20262011,M2_16,300,AVAILABLE,,92A139D6D2F18F9F634A197706A67A368347AFB209DEE3F606667B776B99C670,0.042936214560201226,2.068323164053655,0.07493878400571859,0.22207336028512722,0.11896428456519992,6.000680332125494,0.032989560072441915,0.0,0.0,0.12107748547023622,0.09434897230567414,6.068171426289171,2.3584835129628985,0.05395997669448134,16,16,32
20262011,M2_16,3000,AVAILABLE,,A750BD8F9FEE941B7FD51F0EE439396FAB4B31F1BF73C7EF023A1A62F7CB762E,0.007354640503422715,0.5301648007812327,0.012836432409590632,0.05692315439896567,0.012202121082552031,2.1699833343977915,0.005006374018073689,0.0,0.0,0.008135587691231683,0.004318231885684212,2.2255191628798556,0.8714398492303768,0.0031492036750733073,16,16,32
20262011,M1_32,300,AVAILABLE,,CB3F91D656D6B6B80670FE838840E35DCB92553C53AA262EC1E2BE4B9E6B4BF0,0.04828462611331073,2.342762393511781,0.08427364182347505,0.25153956892168344,0.1413680769582284,6.71502482544396,0.0769239105438397,0.0,0.0,0.1437317995465105,0.08712670876144149,6.78458253772909,2.3892206238320775,0.0070502681939850174,32,0,32
20262011,M1_32,3000,AVAILABLE,,8EDE87D4A116A8E02E6B59C5A05F7EAFC9AB82911DBADCA8BF36B4F6E7B84E8A,0.006706706106687762,0.734223377999889,0.011705559175791311,0.07883267740074623,0.02595429243384395,3.0263388116853527,0.004365731086678222,0.0,0.0,0.02702503079807328,0.01580719400824361,3.088906210740226,1.3281513975046424,0.0001325129845431725,32,0,32
20262012,M1_16,300,AVAILABLE,,FAEC90553992CD94B6F7D6D7F4FA718224960DE1A3FB31C816B6306D79B6E953,0.04834027546474432,2.4041688939676753,0.08437076949925776,0.25813271071721616,0.1494418009068802,7.220403582804352,0.0769239105438397,0.0,0.0,0.151983186349678,0.07568511758723653,7.293855344874071,1.7625142705767949,0.00690120886922722,16,0,16
20262012,M1_16,3000,AVAILABLE,,C3211CFEF14D0A8AD9CC446084E5E9D1178DF347D8ECBE64E69AEE815E62A231,0.008042468566756179,0.8936776922677476,0.01403693411192274,0.09595309455645985,0.04051893154019681,4.1433034370417605,0.004437930806166575,0.0,0.0,0.04198365798705794,0.001731191051409578,4.222066011263581,0.04892768552189697,0.00016758612469375885,16,0,16
20262012,M2_16,300,AVAILABLE,,709F8D9692E180C610E71F26DC37B87E47400184C5ED5BB960D7B2A870D9A462,0.04538160544195039,2.18578376004013,0.07920685050794857,0.23468496262326824,0.12595153305134743,6.675996749062529,0.0769239105438397,0.0,0.0,0.12830219017395372,0.0915279062650502,6.74899280785508,1.6812587817684361,0.06023439936161448,16,16,32
20262012,M2_16,3000,AVAILABLE,,5DCD2F49A07A0B8F62270BA812AB55EF8FB3DDD1AA45763E9D42D3C295E02ACD,0.0038259886646685726,0.28605804441627664,0.006677694833761379,0.030713706766988945,0.006378386836922267,1.3564078471958414,0.00042402126077852503,0.0,0.0,0.002899803034238313,0.002501112847177786,1.4046754601039062,0.39733334021733535,0.0008612165187541797,16,16,32
20262012,M1_32,300,AVAILABLE,,150152FCE8F34790DA1EB4F2202B327693406092E71F8E940E99B9FE4A162FA8,0.04832649437935568,2.403209435045734,0.08434671666199946,0.2580296947714713,0.14885812635738171,7.21597444077773,0.0769239105438397,0.0,0.0,0.15139796128723892,0.07587782992003081,7.289429338356328,1.7661107122001802,0.007060225860830884,32,0,32
20262012,M1_32,3000,AVAILABLE,,0387319F84C7153A9C61BEEE8782900623E5C5134B1A625C6550C622B0B41496,0.0077846441856428625,0.872873495652401,0.013586939956509511,0.09371937309034827,0.03884111899907772,4.0692692259146614,0.004392067499870866,0.0,0.0,0.040279856150130855,0.0015480441531039862,4.1476734675317,0.05882039587709098,0.00017739680309134816,32,0,32
20262013,M1_16,300,AVAILABLE,,F87FD139297AE9E505765A40320BBAEC8D3F46EE5BF2E050310F58C742418865,0.04815938756409882,2.3750838532255423,0.08405505654098765,0.25500988501768845,0.14628297983154503,7.0393535819184585,0.0769239105438397,0.0,0.0,0.1487607340063013,0.07918011332419728,7.1115005310251505,1.9639568319021834,0.006852980785786336,16,0,16
20262013,M1_16,3000,AVAILABLE,,BE9E0F8A75079617C821A54937933616779DF1FE4F7BE5B3AD72058424B6F516,0.007820370221855534,0.8224312837703168,0.013649294445337773,0.08830345371780952,0.03828292911238784,3.538519739533699,0.004759767298490332,0.0,0.0,0.03953343227975592,0.01351047741591449,3.6033809007620956,0.9874501028398981,0.0001601326577747457,16,0,16
20262013,M2_16,300,AVAILABLE,,0876D3F73F2B0BE82C0A1DF1BA6A69ACA307360B50082752B470E755B27A4EB9,0.045005784675336974,2.166562578088531,0.07855091119092708,0.2326212075298535,0.12490879800732213,6.490613927836133,0.0769239105438397,0.0,0.0,0.127194213330185,0.09312214487314742,6.561772748156126,1.9367867482071615,0.05920977482349257,16,16,32
20262013,M2_16,3000,AVAILABLE,,4F067C0A3168797A09E43FD77D496BCA9456D6999477855F92C21A42A67A5635,0.007787354165623291,0.5778926170516109,0.013591669823976714,0.06204763239275324,0.013042882851979742,2.3613758037177295,0.005140779716229542,0.0,0.0,0.009776832347635378,0.005440657310772257,2.4198477916759433,0.9250469572671223,0.0037427160857206056,16,16,32
20262013,M1_32,300,AVAILABLE,,764419B2D19BB3A0A9D7B60E12273CD7994C4971DFD1300488DA0A0B91257232,0.04814684372587727,2.374178828788312,0.0840331631348568,0.2549127136368284,0.14571720304990277,7.034870829676416,0.0769239105438397,0.0,0.0,0.1481933873961888,0.07934992097224722,7.107017821220617,1.9676545106280507,0.00700866371394963,32,0,32
20262013,M1_32,3000,AVAILABLE,,69B703AD9E5391A84AD6698A024797CBF4AA72B31599562E0636D7BD7043106B,0.007568215317972682,0.8092317677723952,0.013209195520185317,0.08688623762569225,0.036572312889105785,3.485347689092217,0.004594884006749271,0.0,0.0,0.03780417228821453,0.01332611289788449,3.550076508658216,1.0068778014050686,0.00016809312050378392,32,0,32
20262014,M1_16,300,AVAILABLE,,FF9917C89C014D3131170D107A80B7E9D04929372A19690C019C83CE4078B1A9,0.053284758901904206,2.7019761566256593,0.09300063079729205,0.29010791685771,0.17177401539887227,8.285450918508628,0.0769239105438397,0.0,0.0,0.17468953752523753,0.06821432780931727,8.36554291336008,1.0664599093632112,0.008380749138198732,16,0,16
20262014,M1_16,3000,AVAILABLE,,BC41011178F052CC1CD9AE3EF6C2C73080149CFF95F63C65CBF75E737C585945,0.016988215175893773,1.4107151030108995,0.02965040585783321,0.15146677694051242,0.07094550747689232,5.524604898850756,0.02532905372727745,0.0,0.0,0.07289435217475071,0.016837494390514837,5.605602937578784,0.9804704138106957,0.0008064404672536157,16,0,16
20262014,M2_16,300,AVAILABLE,,A86509FDF397FCFCB2D2B1F738CEC0E0223D2844600CA182002F81A6D6E6DE2C,0.05014273333718192,2.40503611850272,0.08751669194644089,0.25822582356822815,0.14308414627637367,7.5593709818220285,0.0769239105438397,0.0,0.0,0.14574533293474656,0.09041940430350101,7.639086790371808,0.9821216575902065,0.07298033745559063,16,16,32
20262014,M2_16,3000,AVAILABLE,,D688C54B5233C1C2C32770BF22ADEC62B7EE935AEE70E8BE2AF6E3FC0AA0B36E,0.004577553731646582,0.33606112575311997,0.007989440007326687,0.0360824772232073,0.008660972863020255,1.6331427627622856,0.001133035254845427,0.0,0.0,0.004059111747352295,0.0004916813944799842,1.6841270975875497,0.2698983916437896,0.0012056548200900163,16,16,32
20262014,M1_32,300,AVAILABLE,,0BC2557D7CB79B767525F667611D148B500C16006FF996FAE6853ADDE6EB967E,0.05326618491644892,2.700601468053564,0.09296821266499007,0.28996031820588597,0.17107660634082772,8.279885714983251,0.0769239105438397,0.0,0.0,0.17399018050294646,0.06852554873491248,8.359983081286222,1.0712185452698832,0.008576240671646128,32,0,32
20262014,M1_32,3000,AVAILABLE,,E5C258380093A5A9716A4360A196E805BFD19CF0F4DCD8F8B0B310FE4BADAF6E,0.01671344269604807,1.3925718038117352,0.029170831313854676,0.14951875281650645,0.06918556066319204,5.468324146987182,0.025294412584867237,0.0,0.0,0.07111466185529536,0.01671253918138886,5.549126696966189,0.9727105290438146,0.0008330667732017726,32,0,32
20262015,M1_16,300,AVAILABLE,,31908F08220741F6631D7251DC9C4B732E9EA00AD42426A365459658462EC04C,0.04764027803105704,2.354104202287121,0.08314902796882781,0.25275732523279815,0.14467006718647135,6.984018800822689,0.0769239105438397,0.0,0.0,0.14712841758214623,0.07901626571765841,7.056018400850771,1.9995076058962222,0.006704536768225427,16,0,16
20262015,M1_16,3000,AVAILABLE,,8AA6161C409428261C28C5F4D44BB9235C6B7B255DEFB4DF4C53635830AF1B67,0.008366266642272184,0.8895950693659055,0.014602075550009674,0.09551474826592554,0.03326615876351935,3.511992043404577,0.004389976274617384,0.0,0.0,0.03450772236262478,0.020250477195619287,3.578853039689492,1.6279253285116553,0.00018702628714049958,16,0,16
20262015,M2_16,300,AVAILABLE,,35C26A91B0835431744A7474CF9EA8184C44DE1061C9B68F9F6F0BD5EC9A7C71,0.04646415197428469,2.2288521702804323,0.08109627465941852,0.2393091658186032,0.12652776053394144,6.539957017199123,0.0769239105438397,0.0,0.0,0.12883037044439305,0.09669184833118752,6.6106291549231155,2.1494437092410825,0.06275856691006873,16,16,32
20262015,M2_16,3000,AVAILABLE,,CDEDE2D873FD8C0506DE6036CD80C3DFEC110B58AE8F7EAAF41B7030E0BF59DF,0.006800382782420486,0.49777553264315566,0.011869057896882933,0.053445557794331695,0.011098813124977625,2.0539157265220895,0.0049018665552472696,0.0,0.0,0.007629625351869063,0.004477901706049642,2.107989866293982,0.8376491195566351,0.0027622020061510003,16,16,32
20262015,M1_32,300,AVAILABLE,,72364BF07E860F8992E0296E492664A8CA0479A223027763A6AD026F1C6EE35B,0.04762866010195119,2.3531786853521086,0.0831287505995074,0.25265795359719934,0.14410331697098056,6.979138240042676,0.0769239105438397,0.0,0.0,0.14655995742668415,0.07919109750254663,7.051133305815261,2.003756710252717,0.006858236701247796,32,0,32
20262015,M1_32,3000,AVAILABLE,,7D630A0EDBF88CE625BA9E396A6B853811648EE2665385F35B4372FFAF707B9D,0.008287939110480475,0.8810502708821318,0.014465366479432203,0.09459730357196781,0.032286199864165144,3.4774330372275113,0.004399990194438226,0.0,0.0,0.033515617592052016,0.019763399075531637,3.54404561070368,1.624315849619564,0.00020272035743016257,32,0,32
20262016,M1_16,300,AVAILABLE,,1DB050F8CB663682AEBAAEFEF3232C0BC67D3269F734CFB192576A29C611CA73,0.04700696332551568,2.3536551561707735,0.08204367123413792,0.25270911169358273,0.1458952834071956,7.129768345074169,0.0769239105438397,0.0,0.0,0.1484048848753048,0.0725050666561429,7.202968778344543,1.6804518270773883,0.006522978615011423,16,0,16
20262016,M1_16,3000,AVAILABLE,,D8699F9CD12CACBA285A14050AB9A306DDF9B425D81C0EEEB55B44465840ACF1,0.007946078324455513,0.8572755297074016,0.013868699263508227,0.09204463832393478,0.03255615306770665,3.5224762674019097,0.004373431232348753,0.0,0.0,0.033801587535637445,0.01727116348288646,3.590477151114036,1.3657968121365325,0.00016816974467727427,16,0,16
20262016,M2_16,300,AVAILABLE,,D5540F8B636898E7BA848C2ECB803D4B97BB5CD1C6D645DEAF7CC7925687CA30,0.04381039142624442,2.1275094101157856,0.07646452985961437,0.22842811604772273,0.11922367935708955,6.394947856307391,0.0769239105438397,0.0,0.0,0.12147548844761713,0.08920835324500251,6.465509318867905,1.910579199840284,0.05698294630468338,16,16,32
20262016,M2_16,3000,AVAILABLE,,9F19218B9363501F7E57C62E452202E47E9E828D5304EA4FE471267599B5F5E4,0.006788373007987515,0.48742555254206765,0.011848096619755721,0.052334292930175684,0.010919456242837411,1.9854666023009022,0.00417463337348789,0.0,0.0,0.007044177798063989,0.004246785264747213,2.0382097999497066,0.8632118914553728,0.002654441554583105,16,16,32
20262016,M1_32,300,AVAILABLE,,00E4B29211EB67AF2B51C5A13C166D1D2ACDB24DAB2A7046971F8BE2D223FB07,0.04698731760756393,2.3520482489748398,0.08200938255197755,0.2525365800085592,0.14525163577237565,7.122387951009127,0.0769239105438397,0.0,0.0,0.14775864969510266,0.07273841215869539,7.195571419918441,1.6866939162169,0.006673664166264612,32,0,32
20262016,M1_32,3000,AVAILABLE,,4C709A540EC0760B55EAFEB8B7B40092D4FEC9AFEC5FD1FDDDF89302AD33D257,0.007882664127196227,0.8488162547210344,0.013758019202865093,0.09113637618460993,0.03143310069786964,3.4785068977278835,0.004400216543498907,0.0,0.0,0.032663083385501834,0.01715218269266028,3.54619971992967,1.3789797952698082,0.0001832557442652762,32,0,32
20262017,M1_16,300,AVAILABLE,,DB4642214665CE7339A94DAD1C25799A2B640489C58391C1AB466300A2DC30DF,0.0463831756804071,2.2801216542198204,0.08095494256811438,0.24481390839286804,0.138648670117688,6.686114675041159,0.0769239105438397,0.0,0.0,0.14100235076272805,0.08072278020197357,6.7561421642515835,2.1718887902157036,0.006356403788887629,16,0,16
20262017,M1_16,3000,AVAILABLE,,F6C5FA340761894AA9761A1A876023D24D2BFBF47812208D755E35ED073378E1,0.013903812410887327,1.0575424908458901,0.0242670390435703,0.11354706008618576,0.057163235282350344,4.074009370232262,0.020278660062154175,0.0,0.0,0.05860122286359937,0.02981654961223859,4.138631420544235,1.4605570354671251,0.0005398630848804872,16,0,16
20262017,M2_16,300,AVAILABLE,,FEB0C00B3521CABA5B8900046134146D435F172DEAEF5D6858741A2C200A7AE3,0.045309544543710716,2.1756302323745706,0.07908107891527895,0.23359479061986638,0.12354131499319265,6.365799263056424,0.0769239105438397,0.0,0.0,0.1257827617937195,0.09597670789879952,6.435478073978679,2.210590327808551,0.05977218342553735,16,16,32
20262017,M2_16,3000,AVAILABLE,,BADA1D105F12AA4C757D8ED855FCC08CE9A019E0D052FAF5909846CEA9028D6F,0.008381604823634224,0.6376149582235789,0.0146288460669708,0.06845994803986925,0.014317482346846377,2.587212298864692,0.0052485343141216445,0.0,0.0,0.012344315924072702,0.0064458210456955906,2.647432578332742,1.0072747752818818,0.004568116138490023,16,16,32
20262017,M1_32,300,AVAILABLE,,54BC6B9BF84D45B2CADDA13EFFD5A20B65313B80AA2130A7748746CFCB2976EF,0.04637715481335546,2.2795663775064816,0.08094443403912245,0.2447542890027445,0.1381364187030455,6.682617245161167,0.0769239105438397,0.0,0.0,0.14048887496744922,0.08086038061374684,6.752647021721256,2.1752045717638486,0.006502803409613524,32,0,32
20262017,M1_32,3000,AVAILABLE,,F3EB2187DE682A79C5E93C4083DE7AD10C4DF8324771D3E3C3C0949A4B22E4A0,0.013201200150342152,1.0342182508613902,0.023040733721312805,0.1110427646068937,0.054927539902344,4.014802563665575,0.015790315610005434,0.0,0.0,0.05634478386575392,0.0287731124651502,4.079369316132104,1.4564025324778724,0.0005190516085680127,32,0,32
20262018,M1_16,300,AVAILABLE,,3C503D67675A8B24BDEF60DE60AA7A31DB6D1960102D7A4E9B406DCE5F3D12CF,0.04897747272673058,2.4012172485983054,0.08548290265943823,0.25781579611850264,0.14753921375995327,7.0409625493406685,0.0769239105438397,0.0,0.0,0.15001749713811519,0.0826439848107611,7.112914106470143,2.113332551024775,0.007090032772030484,16,0,16
20262018,M1_16,3000,AVAILABLE,,8C2E9305F2E7B2CC6DAF4895A070336C6B98CBF6CBC414147F02D90BB10097BE,0.008110108015690029,0.8685514182677629,0.014154988721669776,0.0932553168611767,0.03227386312213676,3.4851521366417435,0.004378363935724845,0.0,0.0,0.03350611297282824,0.01926994827087529,3.552502169920019,1.5271147032954049,0.0001755686443182642,16,0,16
20262018,M2_16,300,AVAILABLE,,55B0C80761A2FA42FD09BCB4074BD1ABE6F3E262BB97F92640F6A9B3D8617E09,0.04605730006704715,2.2005249448552973,0.08038617509635526,0.2362677058344753,0.12763968285969973,6.404604972777948,0.0769239105438397,0.0,0.0,0.12989472345135666,0.09829500363517357,6.474308163875639,2.265467843770228,0.061222140541504724,16,16,32
20262018,M2_16,3000,AVAILABLE,,6CFF6AD02598B597F617B20243CF1CD134B81D5ED8455719E50C891DEFE26794,0.0072164861858900866,0.5104226117300269,0.012595304572237414,0.05480345940246763,0.01210777493872206,2.119483406195724,0.004974548063419719,0.0,0.0,0.007468450872842536,0.003511809910168584,2.1745322826803166,0.7832183805378918,0.002918263644133969,16,16,32
20262018,M1_32,300,AVAILABLE,,9E7F6EF8A17382D69E28F938353F22234CB6706B8D7DF1C6890F9C784838D883,0.04896121159423125,2.400141393295182,0.08545452126837855,0.2577002828338779,0.14696699492100296,7.035485724058926,0.0769239105438397,0.0,0.0,0.14944335884442372,0.0828123875160614,7.107428715424611,2.117874959609188,0.007248328175456183,32,0,32
20262018,M1_32,3000,AVAILABLE,,96E36B7DD1E8B9B7ED5C08D655F04821B1E83E8748D4AD5C0579E3921A3871D0,0.008038514884211053,0.859954706613094,0.01403003354639056,0.09233229831275362,0.031197328695510396,3.446598330093482,0.004390501750531277,0.0,0.0,0.03241604313001434,0.019007573742743034,3.5137538794834686,1.5282049120998,0.00019066228690778873,32,0,32
20262019,M1_16,300,AVAILABLE,,7CF4A3392F77C0D7DBA025545CD0C90682312AB2D3B38431394C755B1ADFFE07,0.050947662613972246,2.5574320179738557,0.08892157642056456,0.27458838725141066,0.16106980785457514,7.779449330826498,0.0769239105438397,0.0,0.0,0.16380761484250772,0.07246635706093421,7.856594793171337,1.4207266574259554,0.007663929723319154,16,0,16
20262019,M1_16,3000,AVAILABLE,,708DA55AB4954BAE2B30B837023004F28534C73126F333B3115A43236989EB1C,0.01829573817985273,1.3938796888126739,0.03193249301851674,0.1496591788495717,0.07717534255524605,5.381517538539583,0.025260054162510353,0.0,0.0,0.07907299540327795,0.004338702231797151,5.456323312230136,0.6216760721310532,0.0009451230551245296,16,0,16
20262019,M2_16,300,AVAILABLE,,FFB512B1D7FB4B6C695FCA9D403880AAD84B438FE527642D868FBC135869758F,0.04789065428237525,2.2983962129106925,0.08358602252016138,0.2467760256899813,0.1359538313762998,7.152177457678508,0.0769239105438397,0.0,0.0,0.13847189659111414,0.0910792117373047,7.228898541029071,1.2934977401293486,0.06664166808139715,16,16,32
20262019,M2_16,3000,AVAILABLE,,EFAD3B4E0A9BC3CE437A8716C608E46386BB203BB9B917547CA065A5273E33F4,0.005989494544704546,0.4420895853478687,0.010453772941713662,0.047466624883147575,0.011240129878136385,2.033676332648617,0.004774823321874326,0.0,0.0,0.007248537679624523,0.0011111604617585341,2.087851706422641,0.3759439250988361,0.002146102501590134,16,16,32
20262019,M1_32,300,AVAILABLE,,F159277424F57BDC12F0A99F87544796FAED4327B83AAE4CCBD19CD775B7A791,0.05093225450658018,2.556314612991324,0.08889468385810607,0.2744684128278859,0.1604313657794768,7.774610833416096,0.0769239105438397,0.0,0.0,0.16316747925811448,0.07271720557418487,7.851761474029931,1.4247312304777642,0.007841683891240615,32,0,32
20262019,M1_32,3000,AVAILABLE,,FDFD89156092405629C506786618A241834423550394D93C5561904C23FA6355,0.01798354298067594,1.3784340748322843,0.031387602677382255,0.14800080192960838,0.07551663459217461,5.335786351600698,0.025260054162510353,0.0,0.0,0.07739824905850079,0.004598151383001334,5.410457679049195,0.6259537108082108,0.0009668231205745946,32,0,32
20262020,M1_16,300,AVAILABLE,,8D1BA70F21D07145E07B5766D0D174E3C857B1B9C477B4A8EC6F9BAC4B949ADF,0.05177309069485565,2.583223576595071,0.09036223851197568,0.2773575957530351,0.16280418458584067,7.795148438398839,0.0769239105438397,0.0,0.0,0.165547426104516,0.07569495250816069,7.8719323649769155,1.5399091667289964,0.007916916504778172,16,0,16
20262020,M1_16,3000,AVAILABLE,,AAF723C57FDEC72AD3C6DDFBA6DB8F6F3076864A9C204D379F5E1F64BF803D56,0.006337394017164026,0.7986189575817794,0.011060979787715183,0.08574675301223406,0.03473913125232275,3.9295869763536633,0.004305864134128219,0.0,0.0,0.03612980918138198,0.0001747216464333401,4.012901389000686,0.08963937019500579,9.861391532571729e-05,16,0,16
20262020,M2_16,300,AVAILABLE,,5D348806E42953FFB634DB856C900630B802083B84DC445D5D8397BBB873D18C,0.04740592126061118,2.2645797918126394,0.08273999304153827,0.24314519739555587,0.13634981577326666,7.079939122253641,0.0769239105438397,0.0,0.0,0.1388425429649247,0.09152954745301338,7.156428770788237,1.3313415375471676,0.06473410446711397,16,16,32
20262020,M2_16,3000,AVAILABLE,,5B82CE7A34EF5E3485475649B56066055FE253F572CB87C81F160D63A8BFDC4C,0.00331984939405498,0.25730867680692354,0.005794303927836435,0.02762692188634743,0.005445328773317215,1.252294475939565,0.00026958309065864644,0.0,0.0,0.0026669259533596,0.0030229745415732423,1.3006023015183032,0.3814745412152232,0.0006810136425885124,16,16,32
20262020,M1_32,300,AVAILABLE,,AF5B11B1219E71E8923239290DECEF2BBF42F5E6A8051084895CCA6B54EEE99C,0.05175307097315871,2.5820331719113443,0.09032729706183927,0.2772297834397522,0.16217166097119695,7.790299580660713,0.0769239105438397,0.0,0.0,0.16491320556926503,0.07593156987326563,7.867089925666052,1.5435883688037133,0.008097128835215362,32,0,32
20262020,M1_32,3000,AVAILABLE,,00336167D3B5CF5202BB65D3BDFF55D6824E7AFC9C1086374EA83D6CA953923D,0.006066200230876507,0.7753282432967861,0.010587651321699662,0.08324605714681024,0.03295988492101276,3.842051790299771,0.004324876358810441,0.0,0.0,0.034319831361016795,0.0003971176188372755,3.9249272935068458,0.10063361550289196,0.00010630572207786493,32,0,32
